date_date,customers_id,orders_id,net_sales
30/8/2025,1311453,3751676,38.7005
30/8/2025,1403193,3751818,82.5
13/5/2026,1356693,4464802,92.0233
13/5/2026,257913,4464586,117.624
13/5/2026,1151013,4462978,95.4904
13/5/2026,1442493,4463241,89.4834
13/5/2026,1593033,4464150,73.2977
13/5/2026,300033,4462263,89.498
13/5/2026,1593093,4464340,4.5898
31/8/2025,248073,3756410,91.3765
31/8/2025,89313,3755848,69.7342
31/8/2025,415293,3755009,71.7612
31/8/2025,1337073,3754927,119.9423
31/8/2025,996933,3756137,103.5909
31/8/2025,1357653,3756474,63.6505
31/8/2025,1404003,3755189,19.3841
31/8/2025,1404303,3756547,10.5167
31/8/2025,1216383,3755543,138.3357
14/5/2026,1593993,4468830,38.583
14/5/2026,474633,4468264,83.5488
14/5/2026,1593513,4466367,73.3597
14/5/2026,1593603,4466595,59.319
14/5/2026,1333263,4466252,93.4372
14/5/2026,1232733,4468369,97.4375
14/5/2026,1452273,4465445,35.2301
14/5/2026,1433553,4467289,145.3847
1/9/2025,186663,3757403,77.8557
1/9/2025,1404093,3758125,95.8272
1/9/2025,1404513,3758683,22.18
1/9/2025,1228443,3758627,61.6832
1/9/2025,1090473,3758658,73.3761
1/9/2025,1380573,3757714,16.4928
15/5/2026,415293,4469769,59.2456
15/5/2026,1332093,4471324,37.422
15/5/2026,231783,4470605,69.7631
15/5/2026,1478673,4469891,93.1735
15/5/2026,1594623,4471220,18.1315
15/5/2026,1594713,4471611,12.5332
2/9/2025,1304793,3760737,127.8421
2/9/2025,1349433,3760439,63.8088
2/9/2025,221733,3759350,199.6974
16/5/2026,1177893,4474212,92.769
16/5/2026,481893,4473178,66.3193
16/5/2026,1594803,4472057,59.9555
16/5/2026,485253,4474261,124.4267
16/5/2026,1499163,4473308,75.9585
16/5/2026,1595193,4473520,32.597
16/5/2026,1595253,4474139,53.2347
16/5/2026,1223523,4473006,92.7494
3/9/2025,1405593,3761500,7.7876
3/9/2025,1405893,3762410,70.5545
3/9/2025,1393893,3763387,153.8679
3/9/2025,1406283,3763956,38.9494
17/5/2026,1426383,4476416,80.2064
17/5/2026,1475553,4475381,41.6334
17/5/2026,1455903,4476500,59.8301
17/5/2026,1595793,4475849,30
17/5/2026,1496013,4476409,99.4925
17/5/2026,278733,4475054,69.5161
4/9/2025,1162143,3765915,110.8696
4/9/2025,1106103,3766923,48.4768
4/9/2025,1406463,3764898,32.3562
4/9/2025,1381413,3764225,60.9781
4/9/2025,1372173,3765448,62.7508
4/9/2025,247473,3765037,65.3463
4/9/2025,391113,3764275,43.6241
4/9/2025,1406523,3765187,53.1583
4/9/2025,1319373,3764194,83.9686
4/9/2025,1400553,3766133,51.7824
4/9/2025,300033,3764598,35.7986
4/9/2025,1209063,3765090,85.984
18/5/2026,1019493,4478003,82.8859
18/5/2026,1379103,4478049,29.2342
18/5/2026,1596483,4478413,10.1432
18/5/2026,1030023,4477242,69.4468
5/9/2025,1407633,3769938,19.4834
5/9/2025,1407573,3769643,73.8975
5/9/2025,1386543,3770010,59.9656
6/9/2025,1046973,3770441,17.134
6/9/2025,1082913,3770683,121.9052
6/9/2025,1267803,3772594,112.6967
6/9/2025,1046973,3770487,23.2336
6/9/2025,1408203,3772091,11.7
7/9/2025,366003,3773741,79.67
7/9/2025,221733,3775210,516.2565
7/9/2025,1405383,3773477,64.6943
7/9/2025,114033,3774160,95.8462
7/9/2025,948573,3775705,98.1575
7/9/2025,416013,3773914,38.2105
7/9/2025,98433,3775734,72.42
7/9/2025,1319343,3775390,62.5448
7/9/2025,473733,3773841,24.9752
21/5/2026,1478823,4484475,58.0362
21/5/2026,1495833,4483860,36.6846
21/5/2026,1460043,4484844,73.1489
21/5/2026,395523,4482818,76.1238
21/5/2026,1489683,4482446,52.4138
21/5/2026,1410633,4482988,73.6159
8/9/2025,1409583,3777469,86.2695
8/9/2025,1344573,3776427,108.7199
8/9/2025,1409553,3777347,63.3363
8/9/2025,278733,3777805,69.2046
8/9/2025,1313943,3775961,20.4657
8/9/2025,306753,3777540,67.9432
8/9/2025,1128333,3777095,42.3372
22/5/2026,1598733,4487361,45.308
22/5/2026,1207683,4486520,96.3831
22/5/2026,1598583,4486809,18.5687
22/5/2026,1598403,4486489,19.2054
9/9/2025,1409613,3778092,26.403
9/9/2025,1051203,3779343,41.2164
9/9/2025,1410123,3779438,8.0583
23/5/2026,1035543,4489891,59.9934
23/5/2026,217743,4488479,127.7557
23/5/2026,1594203,4487883,96.6124
23/5/2026,1220583,4488195,59.4633
10/9/2025,184683,3781314,84.1364
10/9/2025,184683,3781338,72.2746
10/9/2025,367683,3782918,47.3871
10/9/2025,1410513,3780820,59.3244
10/9/2025,1410633,3781236,86.469
10/9/2025,1039983,3781271,67.7145
10/9/2025,1410543,3780931,45.4989
24/5/2026,1584483,4490858,183.0138
24/5/2026,1524873,4490190,80.6593
11/9/2025,33993,3783476,39.3022
11/9/2025,1313493,3785544,40.4787
11/9/2025,1388343,3784981,51.6709
11/9/2025,186663,3784978,117.6399
11/9/2025,1341963,3786186,133.1845
11/9/2025,1372023,3783743,49.0652
25/5/2026,1324833,4492412,33.1659
25/5/2026,845193,4493499,110.2292
25/5/2026,1387113,4493329,326.809
25/5/2026,1600143,4493113,25.9998
12/9/2025,1299123,3787933,14.85
12/9/2025,1306263,3787622,72.0226
12/9/2025,1411923,3786311,25.3081
12/9/2025,1373283,3786377,73.2193
12/9/2025,1177893,3786337,76.6667
26/5/2026,1600623,4495157,68.4547
26/5/2026,1406043,4494357,80.166
26/5/2026,1089273,4494438,47.9598
26/5/2026,1600803,4495919,56.9082
26/5/2026,1141683,4494426,75.1767
26/5/2026,89313,4494791,64.9553
13/9/2025,1412973,3790830,258.8221
13/9/2025,1194483,3790584,120.9644
13/9/2025,848373,3791222,79.1667
13/9/2025,1412583,3789106,76.6668
13/9/2025,1209573,3789251,28.893
13/9/2025,1194483,3790736,138.9901
13/9/2025,1212723,3789404,14.6065
27/5/2026,1105443,4497037,116.1399
27/5/2026,1575603,4496598,197.7408
27/5/2026,1339083,4496972,72.1374
27/5/2026,1299153,4498191,76.4982
27/5/2026,1601013,4496766,14.7456
27/5/2026,358443,4498323,120.5839
27/5/2026,1457223,4496275,74.1946
27/5/2026,1014183,4496845,64.432
14/9/2025,1413543,3792956,77.539
14/9/2025,1089273,3792815,69.6
14/9/2025,1397703,3791624,49.4394
14/9/2025,1413663,3793370,68.8895
28/5/2026,1099653,4502104,51.668
28/5/2026,1237893,4500952,77.4349
28/5/2026,1601883,4500960,62.1795
28/5/2026,1351803,4500460,66.3338
28/5/2026,465123,4499782,69.1844
28/5/2026,1203693,4501084,55.0083
28/5/2026,1190553,4499872,18.5687
28/5/2026,1437663,4500075,139.8779
28/5/2026,1069473,4502002,30.9187
15/9/2025,1414173,3795538,36.0657
15/9/2025,234783,3795539,68.5592
29/5/2026,1344573,4504337,90.5515
29/5/2026,1441233,4502638,66.2917
29/5/2026,1602633,4504249,35.6634
29/5/2026,1345623,4504825,71.126
29/5/2026,1404093,4504809,68.5248
30/5/2026,1603233,4506809,44.4098
30/5/2026,318843,4505837,67.4523
30/5/2026,1452153,4506806,63.9906
30/5/2026,1571643,4507121,65.2672
30/5/2026,1492563,4507468,76.1245
30/5/2026,240393,4505464,86.4402
30/5/2026,1561593,4506597,81.1399
30/5/2026,1369353,4507418,10.6118
30/5/2026,1364553,4506604,38.7347
17/9/2025,1415223,3799421,16.1667
17/9/2025,1195233,3799188,49.6869
17/9/2025,1230573,3799025,75.723
17/9/2025,1387113,3797458,319.3305
31/5/2026,1149063,4508645,79.1001
31/5/2026,1578423,4509482,38.1222
31/5/2026,1416303,4510290,66.1717
31/5/2026,1187913,4508599,33.7368
31/5/2026,1113423,4509175,106.5981
31/5/2026,1603893,4509713,70.9194
18/9/2025,1184643,3802444,140.9388
18/9/2025,265773,3802535,83.3165
18/9/2025,1415343,3799967,60.2237
18/9/2025,1183473,3800681,77.875
18/9/2025,1257633,3802173,67.8589
18/9/2025,1237893,3802218,81.1837
18/9/2025,1415553,3800870,24.4717
18/9/2025,1370283,3800665,94.6325
1/6/2026,1533513,4510986,78.5403
1/6/2026,1528503,4512056,106.5022
1/6/2026,1596543,4510960,17.5291
1/6/2026,300033,4511874,74.0217
1/6/2026,1604373,4511638,92.9244
19/9/2025,1416123,3803787,97.165
19/9/2025,1278843,3802940,30.7023
19/9/2025,1416303,3804194,79.0796
19/9/2025,392763,3803363,8.25
2/6/2026,1319343,4514040,70.9299
2/6/2026,1604913,4513611,51.9113
2/6/2026,1167393,4514429,50.5258
2/6/2026,1332093,4513394,18.711
3/6/2026,1561233,4515667,80.5285
3/6/2026,1605603,4515942,34.3226
3/6/2026,1605693,4516272,23.1285
3/6/2026,1265883,4515995,76.1674
3/6/2026,1605783,4516599,67.1129
3/6/2026,1605423,4515340,73.9194
3/6/2026,1435293,4516088,71.1142
3/6/2026,1435293,4516103,109.5735
21/9/2025,1414173,3808942,43.8483
21/9/2025,1198923,3808066,73.3177
21/9/2025,357093,3807306,41.247
21/9/2025,1417113,3807450,62.342
4/6/2026,1606233,4518616,46.6
4/6/2026,1580073,4520222,13.209
4/6/2026,1427553,4518328,102.2
4/6/2026,1491273,4517993,84.9792
4/6/2026,1588233,4517995,84.5417
4/6/2026,1606743,4520844,29.1863
22/9/2025,857583,3810555,128.6616
22/9/2025,1100373,3810494,69.2625
22/9/2025,1314993,3809885,64.9374
22/9/2025,190803,3809825,64.0281
22/9/2025,1239273,3811051,110.7597
5/6/2026,481893,4522046,85.5417
5/6/2026,1409553,4522139,64.6173
5/6/2026,1603743,4522262,133.3333
5/6/2026,1049163,4523636,30.4266
5/6/2026,1081713,4522266,75.125
5/6/2026,1505163,4521549,75.2029
23/9/2025,1406643,3812240,75.367
23/9/2025,1418103,3811686,123.9495
23/9/2025,146283,3811749,161.1
23/9/2025,392763,3811600,70.4275
23/9/2025,1360113,3812078,67.0398
6/6/2026,1567323,4525857,26.771
6/6/2026,1387113,4524924,187.0217
6/6/2026,1593933,4523901,16.6583
6/6/2026,1607913,4525766,51.2725
24/9/2025,91623,3814270,25.3017
24/9/2025,1292223,3814625,55.68
24/9/2025,257913,3814871,153.3209
24/9/2025,1223523,3814931,145.4638
24/9/2025,1165353,3814266,79.7877
24/9/2025,257913,3814832,8.25
7/6/2026,1608363,4527624,36.6617
7/6/2026,1608123,4526536,5.6322
7/6/2026,1608423,4527721,39.7457
7/6/2026,1547883,4526635,87.3214
7/6/2026,1271673,4527948,60.9425
7/6/2026,430593,4527448,89.6038
7/6/2026,423153,4526665,127.0022
7/6/2026,1491483,4527986,236.5695
25/9/2025,1419393,3817001,70.7296
25/9/2025,1238283,3817056,161.5746
25/9/2025,1398753,3816917,110.3018
25/9/2025,1173993,3817216,8.25
25/9/2025,1367313,3815830,52.8654
25/9/2025,1173993,3817387,79.6938
25/9/2025,1393623,3817236,117.9553
25/9/2025,1419603,3817862,69.0747
25/9/2025,1406463,3816837,46.8236
8/6/2026,1128333,4529617,45.1625
8/6/2026,1533183,4529434,46.0169
8/6/2026,1513473,4528659,60.2717
8/6/2026,426423,4528986,98.0018
26/9/2025,1418553,3820780,97.9089
26/9/2025,1368123,3819192,61.8112
9/6/2026,1046973,4530453,67.8729
9/6/2026,1407333,4530173,113.7767
27/9/2025,1420683,3822414,51.5833
27/9/2025,1236423,3823110,26.1987
27/9/2025,186663,3822021,93.1997
10/6/2026,1435473,4532626,68.3507
10/6/2026,142833,4531591,41.8084
10/6/2026,1609623,4532333,10.295
10/6/2026,1609473,4531745,20.4313
28/9/2025,1149063,3824569,81.6052
28/9/2025,1421403,3825641,54.0292
28/9/2025,1421283,3825173,22.6507
28/9/2025,91623,3823524,34.7621
28/9/2025,1323693,3825232,106.4277
28/9/2025,1382673,3824181,36.9751
28/9/2025,1234173,3824045,42.4125
11/6/2026,1030023,4534190,119.2966
11/6/2026,1606803,4533982,824.0119
11/6/2026,1351803,4535237,117.2103
11/6/2026,1404303,4535938,49.9167
11/6/2026,1194483,4535494,110.7152
11/6/2026,1610103,4534664,6.6
11/6/2026,407643,4534705,72.4546
11/6/2026,1267803,4535619,94.0475
29/9/2025,1077423,3826801,172.8864
29/9/2025,1328943,3827937,67.1821
29/9/2025,1254663,3827663,68.3796
29/9/2025,1421673,3827003,90.611
29/9/2025,1090473,3826380,96.6823
12/6/2026,1610733,4537789,151.7886
12/6/2026,221733,4536665,267.8019
12/6/2026,1610673,4537485,34.2355
12/6/2026,1010553,4536990,69.7331
12/6/2026,1610403,4536202,7.0924
12/6/2026,449253,4538207,22.6696
12/6/2026,1546173,4537796,35.9017
12/6/2026,1610433,4536377,43.4256
30/9/2025,260853,3828784,104.3075
30/9/2025,1330143,3829176,65.9252
30/9/2025,1422243,3829103,5.385
30/9/2025,1319373,3829534,92.393
30/9/2025,1422333,3829418,38.9772
30/9/2025,1296363,3830171,114.3992
13/6/2026,1405893,4539615,106.8501
13/6/2026,1611003,4539059,23.023
13/6/2026,1611213,4540004,140.6078
13/6/2026,1610703,4539835,213.962
1/10/2025,1144893,3831258,117.98
1/10/2025,1423023,3831993,60.7433
1/10/2025,266283,3833944,81.1155
1/10/2025,228423,3830742,143.0506
1/10/2025,414963,3833693,36.7025
14/6/2026,1611333,4540710,19.125
14/6/2026,1594203,4541394,120.5335
14/6/2026,1556523,4540853,113.5736
14/6/2026,1428633,4542187,148.5319
14/6/2026,1611363,4540920,35.2614
14/6/2026,1253943,4540973,94.8551
14/6/2026,1611303,4540602,71.0679
14/6/2026,231783,4541228,74.7885
2/10/2025,1319343,3834936,67.6475
2/10/2025,278733,3837310,90.0539
2/10/2025,262083,3835410,46.8713
2/10/2025,1389153,3835584,7.8792
2/10/2025,1246083,3836959,63.0021
2/10/2025,1238583,3836579,48.9514
2/10/2025,1420083,3835249,63.9991
2/10/2025,1215273,3834974,23.9087
2/10/2025,996933,3834937,97.9648
2/10/2025,186663,3836490,25.069
2/10/2025,1423773,3835164,59.3841
15/6/2026,1436763,4543546,68.7324
15/6/2026,1179483,4542583,98.7658
15/6/2026,1372173,4542360,50.925
3/10/2025,1090473,3837936,50.5745
3/10/2025,1187913,3838704,60.9001
3/10/2025,481893,3840194,65.1641
3/10/2025,1417113,3838468,67.781
3/10/2025,223263,3839755,78.1753
16/6/2026,186663,4543649,27.7342
16/6/2026,1578423,4543940,105.4628
16/6/2026,367683,4544130,66.8402
16/6/2026,1612203,4544558,183.4583
4/10/2025,1338723,3841632,57.9758
4/10/2025,395523,3841950,79.7531
4/10/2025,1290123,3843033,168.2236
4/10/2025,257913,3841444,78.676
4/10/2025,361203,3842977,65.0493
4/10/2025,184683,3843013,85.2216
4/10/2025,1162143,3842122,83.3491
17/6/2026,1478823,4546023,80.5332
17/6/2026,1612473,4545425,35.9264
17/6/2026,1612653,4546365,66.3145
5/10/2025,1195233,3845516,31.3172
5/10/2025,1426383,3845540,48.75
5/10/2025,1426233,3845141,76.7226
18/6/2026,1197873,4548712,66.4461
18/6/2026,1611873,4548972,63.4201
18/6/2026,1179483,4548265,42.795
18/6/2026,1223523,4548290,112.4226
18/6/2026,1606803,4547709,391.0725
6/10/2025,230883,3847459,82.6858
6/10/2025,1128333,3847213,42.645
6/10/2025,426423,3846974,97.0255
6/10/2025,1296213,3847578,83.5134
19/6/2026,1413543,4550835,83.7674
19/6/2026,1450893,4551134,66.884
19/6/2026,1450893,4549421,94.0681
19/6/2026,1613673,4551321,19.6582
7/10/2025,217743,3849361,112.4275
7/10/2025,1427553,3849623,77.4134
7/10/2025,231213,3849277,156.3637
7/10/2025,447933,3848558,16.3506
7/10/2025,1423353,3849152,104.25
20/6/2026,1292223,4552442,68.7437
20/6/2026,1580073,4552039,40.4311
20/6/2026,1610103,4552977,20.8125
20/6/2026,1334643,4551691,87.1409
20/6/2026,1613733,4551674,49.9167
8/10/2025,367683,3850877,86.7556
8/10/2025,1427913,3850954,14.085
8/10/2025,998673,3849894,129.0838
8/10/2025,1428003,3851413,58.9731
8/10/2025,1384563,3852492,48.75
21/6/2026,1478463,4554836,57.2053
21/6/2026,1489683,4555219,47.7612
21/6/2026,1569543,4555236,58.4319
21/6/2026,1286103,4554866,124.6688
21/6/2026,1433553,4554325,139.1781
21/6/2026,1367703,4555088,82.1448
9/10/2025,1428633,3854095,83.6553
9/10/2025,1427613,3855587,67.4059
9/10/2025,1429053,3855690,39.3051
22/6/2026,430593,4556032,49.7933
22/6/2026,1387113,4555712,76.3453
22/6/2026,1614843,4556810,39.7395
22/6/2026,1614633,4555911,19.469
22/6/2026,1604373,4556535,64.7815
10/10/2025,1089273,3857315,32.37
10/10/2025,1429623,3858146,52.4304
10/10/2025,1409553,3857767,65.1465
10/10/2025,1324833,3856240,33.1659
10/10/2025,1209063,3857928,66.7416
23/6/2026,1291233,4558668,152.6391
11/10/2025,1230573,3859822,72.7259
11/10/2025,986913,3859667,109.8721
11/10/2025,1291233,3861347,64.103
24/6/2026,1615773,4560769,13.7334
24/6/2026,1586073,4561236,21.8674
24/6/2026,1435473,4559915,98.6886
24/6/2026,410973,4561050,60.8179
12/10/2025,1430883,3863405,44.5897
12/10/2025,1405893,3862682,28.1514
12/10/2025,1430913,3863556,39.2943
12/10/2025,1259703,3862173,69.1745
12/10/2025,184683,3863850,65.2229
12/10/2025,1046163,3862062,67.4237
25/6/2026,1332093,4563561,37.422
25/6/2026,199083,4563493,82.4454
25/6/2026,1589253,4562933,65.7266
25/6/2026,1274733,4564003,67.7754
25/6/2026,1426383,4563573,114.0321
13/10/2025,1187913,3865162,41.4288
13/10/2025,1334643,3864258,99.4692
13/10/2025,1010553,3865028,75.8929
13/10/2025,392763,3864280,70.4724
13/10/2025,1316463,3865068,68.922
13/10/2025,1431063,3864111,30
13/10/2025,1405383,3865227,62.3945
26/6/2026,1541013,4564426,73.1945
26/6/2026,423153,4564717,97.1739
26/6/2026,1616763,4565771,44.2244
26/6/2026,1615683,4564535,69.4763
26/6/2026,1616823,4566014,65.4316
26/6/2026,1236333,4566075,85.6099
26/6/2026,1513473,4564981,85.0567
26/6/2026,1616913,4566442,21.9201
14/10/2025,1399533,3865936,67.139
14/10/2025,58503,3866050,33.859
27/6/2026,1617633,4569805,40.9518
27/6/2026,1061973,4569425,101.1548
27/6/2026,1423773,4569250,155.4066
27/6/2026,1501053,4567074,120.9336
27/6/2026,1099653,4569600,75.9663
27/6/2026,1511583,4569055,46.0335
27/6/2026,223263,4567612,110.9313
27/6/2026,1173993,4568742,69.0746
27/6/2026,1194483,4566958,112.4438
27/6/2026,1220073,4569063,107.0202
27/6/2026,1344573,4568949,153.0317
27/6/2026,485253,4569700,107.1566
27/6/2026,1180083,4567618,21.2273
15/10/2025,1082913,3868610,121.9052
15/10/2025,1381413,3868701,59.7446
15/10/2025,1274733,3868188,129.6438
15/10/2025,1432413,3868620,26.4456
28/6/2026,1261383,4572041,93.09
28/6/2026,238443,4572402,67.2352
28/6/2026,490203,4570388,80.4045
28/6/2026,1617993,4571598,65.66
28/6/2026,1198923,4572824,292.1801
28/6/2026,484233,4572701,50.3927
28/6/2026,1515603,4570051,41.6888
28/6/2026,1238583,4571152,40.9655
28/6/2026,1081713,4570681,70.1501
28/6/2026,1534623,4571370,273.1067
16/10/2025,1184643,3871726,131.5575
16/10/2025,473733,3870098,29.97
16/10/2025,1432953,3871392,85.5947
16/10/2025,1432653,3869682,8.8334
16/10/2025,1197873,3871515,63.4906
16/10/2025,1233843,3871805,19.3623
16/10/2025,1336473,3871968,164.8676
16/10/2025,1433163,3871521,26.3925
16/10/2025,1175043,3870508,39.5055
16/10/2025,1195233,3871957,39.1065
29/6/2026,1510443,4575371,24.635
29/6/2026,1618653,4574573,63.1729
29/6/2026,1545003,4573331,63.5878
17/10/2025,1281333,3872105,35.6925
17/10/2025,1433403,3872339,66.002
17/10/2025,1433553,3872940,41.6475
17/10/2025,392763,3873720,94.6059
17/10/2025,1125063,3872670,47.0165
17/10/2025,1433913,3874241,6.7651
17/10/2025,1135593,3873109,67.5187
17/10/2025,1372023,3873471,61.2308
30/6/2026,1475463,4576425,33.7735
30/6/2026,414963,4575900,41.0715
18/10/2025,1345623,3876022,34.7745
18/10/2025,1434483,3876262,181.9381
18/10/2025,1223523,3875020,138.5843
18/10/2025,1333263,3876152,98.5063
1/7/2026,1159653,4578564,66.9191
1/7/2026,1620033,4580492,119.6667
1/7/2026,1212723,4579880,60.8764
1/7/2026,1589013,4579877,17.5346
1/7/2026,1599033,4578301,139.0758
1/7/2026,1620003,4580367,59.9334
1/7/2026,1620093,4580824,44.3231
1/7/2026,1578423,4578576,80.4834
1/7/2026,1585893,4580193,74.9795
1/7/2026,1619553,4578441,174.8041
1/7/2026,1102863,4578988,74.0236
19/10/2025,1434783,3877396,33.25
19/10/2025,1286103,3877398,329.3843
19/10/2025,1286103,3877483,390.3118
2/7/2026,1089273,4582242,36.3332
2/7/2026,1588233,4581936,80.4464
2/7/2026,426423,4582556,94.7084
2/7/2026,1620633,4583351,91.971
2/7/2026,1620153,4581094,66.853
2/7/2026,1620273,4581710,11.2472
2/7/2026,1620123,4581247,90.237
2/7/2026,1611213,4583840,82.4621
2/7/2026,1416303,4581596,70.5482
20/10/2025,1435443,3879797,10.0932
20/10/2025,1419603,3879737,74.2684
20/10/2025,1435473,3879867,58.0649
3/7/2026,1165353,4586404,59.2218
3/7/2026,1073343,4585136,16.7441
3/7/2026,1397703,4585011,60.2069
3/7/2026,1620813,4585889,30.6251
3/7/2026,1103823,4585639,97.4962
3/7/2026,1621293,4586710,26.5412
21/10/2025,186663,3880316,67.698
21/10/2025,1435593,3880267,60.3928
21/10/2025,1234173,3880354,38.2275
21/10/2025,1341843,3880585,83.093
21/10/2025,1435773,3880848,41.875
21/10/2025,278733,3880637,81.7611
21/10/2025,1435953,3881460,41.3129
4/7/2026,1223523,4589348,32.2562
4/7/2026,1594203,4590109,149.8145
4/7/2026,1387623,4588944,72.2873
4/7/2026,146283,4589789,148.2542
4/7/2026,1467843,4589925,84.4348
4/7/2026,1434813,4588635,267.5516
22/10/2025,1342773,3883812,19.55
22/10/2025,1203693,3884098,34.8791
22/10/2025,1436523,3883646,43.6326
22/10/2025,1238253,3882474,11.7535
22/10/2025,1195233,3882455,53.1728
22/10/2025,1436163,3882195,65.9934
22/10/2025,1173993,3882076,89.566
22/10/2025,1138083,3882561,133.11
22/10/2025,1436313,3882793,94.8595
5/7/2026,1622313,4591174,54.5193
5/7/2026,1499133,4592739,97.594
5/7/2026,1499133,4592878,99.2926
5/7/2026,1622343,4591239,24.7998
23/10/2025,221733,3885934,332.829
23/10/2025,1230573,3885867,76.5194
23/10/2025,1348683,3886923,59.8436
23/10/2025,1299153,3884822,39.9302
23/10/2025,1434813,3885827,229.2945
23/10/2025,1437213,3886485,18.1279
23/10/2025,1437033,3885788,13.0711
6/7/2026,184683,4594086,70.8517
6/7/2026,1450893,4594898,63.4227
6/7/2026,1428633,4594909,60.0606
6/7/2026,1077423,4594580,150.0181
24/10/2025,1310703,3888872,48.3039
24/10/2025,1410513,3888591,61.8287
24/10/2025,1251393,3889349,42.2404
24/10/2025,1253823,3887853,76.026
24/10/2025,1437663,3888438,81.1404
24/10/2025,156393,3887464,82.7924
24/10/2025,1113423,3889309,65.7284
7/7/2026,161793,4595251,23.2326
7/7/2026,1128333,4595540,24.4417
7/7/2026,1623573,4596338,27.7248
7/7/2026,1368123,4595367,72.1242
7/7/2026,1435293,4595972,138.9405
7/7/2026,161793,4595076,139.8105
7/7/2026,1623273,4595222,87.3463
25/10/2025,1195233,3891741,78.0888
25/10/2025,1204983,3890010,64.0221
25/10/2025,1269453,3892014,64.9966
25/10/2025,1315173,3892263,62.8164
25/10/2025,1261383,3891325,218.1049
8/7/2026,1040313,4598448,156.4989
8/7/2026,1624083,4598507,34.5653
8/7/2026,1624113,4598562,19.7499
26/10/2025,1161873,3892977,54.6467
26/10/2025,1163223,3894574,72.9734
26/10/2025,1438923,3893639,15.1564
26/10/2025,1438983,3893787,18.5358
9/7/2026,1624353,4600602,46.6775
9/7/2026,1624863,4601984,44.726
9/7/2026,1533183,4600522,38.7807
9/7/2026,1624623,4600954,27
9/7/2026,234783,4599782,149.7567
27/10/2025,1439163,3895220,23.0806
27/10/2025,1439613,3896424,25.0417
27/10/2025,1439313,3895264,71.0501
27/10/2025,1206753,3896566,62.1082
27/10/2025,1439433,3895752,35.6588
27/10/2025,1433613,3895575,11.0175
10/7/2026,1625283,4604230,80.175
10/7/2026,1625133,4603381,21.989
10/7/2026,1011633,4603513,98.7783
10/7/2026,1625103,4603329,110.8275
10/7/2026,1619823,4603083,47.2287
10/7/2026,1151883,4602978,101.2817
28/10/2025,1433223,3897953,25.2394
28/10/2025,206973,3897282,66.778
11/7/2026,1595253,4605161,70.8572
11/7/2026,1138083,4605388,167.1343
11/7/2026,1510383,4604650,96.7677
11/7/2026,1510383,4604657,87.5167
11/7/2026,1625463,4605153,66.9218
29/10/2025,1412553,3900652,68.7085
29/10/2025,1440663,3900383,66.6208
29/10/2025,1397703,3901288,72.4078
29/10/2025,1440333,3899138,21.25
29/10/2025,1141683,3899348,63.8657
12/7/2026,1058073,4606990,117.9032
12/7/2026,1626003,4607622,99.1667
12/7/2026,1625793,4606768,17
12/7/2026,1499163,4606734,67.8213
12/7/2026,1433553,4607891,146.1334
12/7/2026,1433553,4607875,164.5604
12/7/2026,1319703,4606995,35.917
30/10/2025,1441233,3902908,64.425
30/10/2025,996933,3904205,117.9723
30/10/2025,1441353,3903452,100.8268
30/10/2025,1246893,3903629,48.1919
30/10/2025,1399533,3903176,85.1447
30/10/2025,106503,3904042,64.2979
30/10/2025,1428633,3904683,127.192
30/10/2025,220503,3903562,18.25
13/7/2026,1626093,4608120,82.3749
31/10/2025,485253,3905395,93.5441
31/10/2025,1389153,3906051,31.8991
31/10/2025,1441833,3905465,26.5269
31/10/2025,1441923,3905812,10.5583
31/10/2025,1436763,3906333,71.9985
31/10/2025,1389153,3906078,31.8991
31/10/2025,1238253,3905482,9.6882
31/10/2025,1220583,3904976,72.6616
14/7/2026,1607913,4609524,143.3873
14/7/2026,1372173,4610553,32.3096
14/7/2026,1626663,4610731,118.32
14/7/2026,1625403,4610685,69.6878
1/11/2025,1442343,3908549,70.5061
1/11/2025,234783,3907283,101.2517
1/11/2025,1406463,3908499,32.7397
1/11/2025,1442403,3907758,50.5416
1/11/2025,1228443,3908769,102.3735
1/11/2025,1352493,3909067,31.2123
1/11/2025,228423,3909216,90.5859
1/11/2025,1304853,3908033,68.076
15/7/2026,1197873,4611851,19.676
15/7/2026,217743,4611527,167.5273
15/7/2026,1559583,4612496,69.5947
15/7/2026,361563,4611145,38.2515
15/7/2026,1626933,4611930,43.3243
15/7/2026,1519623,4612444,66.4358
15/7/2026,1432323,4610939,47.0254
15/7/2026,1626813,4611429,61.8246
2/11/2025,1319373,3911130,84.422
2/11/2025,1089273,3910108,67.9033
2/11/2025,948573,3911506,75.0235
2/11/2025,1442253,3910551,67.1456
2/11/2025,1435293,3912184,91.9966
2/11/2025,1061973,3912359,92.8737
16/7/2026,1627173,4613364,39.422
16/7/2026,1549083,4614134,40.401
16/7/2026,1627293,4614145,90.6534
16/7/2026,1360233,4614503,64.3358
16/7/2026,184683,4613416,81.0009
16/7/2026,1387113,4614360,131.3587
16/7/2026,1592163,4614780,59.9844
3/11/2025,306753,3913951,71.652
3/11/2025,1296213,3913641,70.0951
17/7/2026,1220583,4617398,65.2775
17/7/2026,1245363,4617287,83.8137
17/7/2026,1627773,4616455,12.1758
17/7/2026,1569543,4617251,75.988
17/7/2026,384483,4615357,154.2868
4/11/2025,1144893,3915769,101.3501
4/11/2025,1185843,3915811,73.8482
4/11/2025,1444053,3914837,58.8334
4/11/2025,1239183,3915510,55.1467
4/11/2025,1272693,3916383,109.8844
18/7/2026,1269453,4618652,65.2985
18/7/2026,1435473,4617871,215.6634
18/7/2026,1455903,4618377,74.4624
18/7/2026,1447083,4618882,103.2228
5/11/2025,848373,3917041,63.3334
5/11/2025,1125543,3919498,29.5405
5/11/2025,1318413,3917785,68.0906
5/11/2025,477903,3917571,33.27
5/11/2025,884403,3918817,58.08
5/11/2025,410973,3919692,59.3968
5/11/2025,1328943,3918094,55.4446
5/11/2025,1444863,3917853,37.5
19/7/2026,1210233,4620788,69.1032
19/7/2026,1546173,4621314,50.2887
19/7/2026,1628823,4621174,44.9369
19/7/2026,1300023,4621535,66.1334
6/11/2025,1247553,3921931,45.1833
6/11/2025,1194483,3923334,122.5394
6/11/2025,1344573,3921247,341.8318
6/11/2025,1446063,3923019,65.1802
6/11/2025,1423773,3920758,46.5605
6/11/2025,1239273,3920722,94.6252
6/11/2025,1433553,3921052,129.2094
20/7/2026,1451553,4623197,89.1145
20/7/2026,1433223,4623028,17.7795
20/7/2026,1428633,4622597,140.219
20/7/2026,1324833,4622351,33.1659
7/11/2025,1446603,3925381,9.3103
7/11/2025,1046973,3924353,7.7652
7/11/2025,1238583,3924503,62.3226
7/11/2025,1344243,3924264,36.1245
21/7/2026,1427553,4625143,43.4036
21/7/2026,152853,4625563,83.8926
21/7/2026,1376643,4624263,61.1245
8/11/2025,1447083,3927235,143.4916
8/11/2025,1237893,3928077,72.711
8/11/2025,1278843,3927712,22.1583
8/11/2025,1291233,3926911,114.1033
22/7/2026,1630293,4626820,10.2771
22/7/2026,1251393,4625846,52.2486
22/7/2026,1478673,4627909,194.8039
22/7/2026,1030023,4626045,113.3343
22/7/2026,1630083,4626084,146.6593
22/7/2026,1426383,4627473,73.4802
22/7/2026,1630473,4627613,13.7482
22/7/2026,1441833,4627701,54.7469
22/7/2026,1381683,4626619,16.6074
22/7/2026,1630143,4626304,18.282
22/7/2026,1612473,4626314,25.007
22/7/2026,1195233,4626222,60.1779
9/11/2025,1244073,3929850,76.5213
9/11/2025,1447983,3930851,69.4036
9/11/2025,1345623,3931499,19.9166
9/11/2025,1170063,3931255,67.65
23/7/2026,1630743,4628882,53.5333
23/7/2026,1204983,4630820,65.6536
23/7/2026,1368123,4630128,50.7429
23/7/2026,358443,4630596,163.0961
23/7/2026,1505163,4629481,93.4596
10/11/2025,1174743,3932039,67.4372
10/11/2025,1162143,3931979,129.9778
10/11/2025,1236333,3932140,81.6552
10/11/2025,1448643,3933229,72.5123
10/11/2025,1127043,3932373,64.0311
24/7/2026,1478823,4633177,71.2666
24/7/2026,1624143,4632411,574.375
24/7/2026,1629573,4632684,199.6083
24/7/2026,1345623,4633107,71.126
24/7/2026,1592163,4632588,60.1098
24/7/2026,221733,4631817,88.2703
24/7/2026,1607913,4633482,99.7245
11/11/2025,257913,3934957,80.8979
11/11/2025,1167393,3934391,32.6579
11/11/2025,1448823,3933745,39.4417
11/11/2025,1165353,3934837,85.1386
11/11/2025,1184643,3935926,192.8574
25/7/2026,1184643,4636324,149.4685
25/7/2026,1632033,4634441,49.335
25/7/2026,1632333,4635761,62.2333
12/11/2025,1449633,3936376,63.275
12/11/2025,1238253,3936175,16.4076
12/11/2025,1450413,3939290,34.5029
12/11/2025,1159653,3938531,97.0322
12/11/2025,1358253,3939314,16.8083
12/11/2025,1128333,3939047,49.6833
26/7/2026,1404303,4638752,11.349
26/7/2026,1513473,4637647,95.3627
26/7/2026,1349433,4637953,77.4003
26/7/2026,1533183,4638263,45.7228
26/7/2026,1332093,4638923,37.422
26/7/2026,1262733,4636545,183.5677
13/11/2025,1450893,3941318,21.6399
13/11/2025,1450263,3940809,84.6388
13/11/2025,1450893,3941277,75.042
13/11/2025,1404093,3942550,75.5393
13/11/2025,1407333,3941062,120.1525
13/11/2025,1450683,3940360,16.6425
13/11/2025,1040313,3940758,139.0833
13/11/2025,1416303,3939403,42.537
13/11/2025,1321473,3942422,9.384
13/11/2025,1450503,3939677,96.6791
13/11/2025,1450953,3941345,33.5209
13/11/2025,1450713,3940449,20.825
13/11/2025,1151013,3939918,141.2141
27/7/2026,1179843,4640346,30.7853
27/7/2026,1631193,4640838,143.9825
14/11/2025,231843,3943505,55.7078
14/11/2025,1312893,3942875,86.3066
14/11/2025,1238283,3943609,17.4167
14/11/2025,1451553,3943849,43.6764
14/11/2025,1451793,3944656,20.6666
14/11/2025,1438953,3945210,41.1334
28/7/2026,1578423,4642619,87.4668
28/7/2026,1344573,4643030,99.042
15/11/2025,1452273,3946479,41.3336
15/11/2025,1039983,3946319,18.8091
15/11/2025,221733,3945668,516.2565
15/11/2025,1452153,3946039,31.1666
15/11/2025,1287393,3947535,74.679
15/11/2025,217743,3947239,141.9655
15/11/2025,186663,3946564,90.0663
15/11/2025,1452693,3947827,51.225
15/11/2025,1063383,3946210,48.3767
15/11/2025,91623,3945611,38.9832
15/11/2025,474633,3947384,70.8438
15/11/2025,1452093,3945831,10.35
15/11/2025,1452573,3947444,36.52
29/7/2026,1089273,4643620,47.3205
29/7/2026,228423,4644082,12.4167
29/7/2026,1223523,4645657,132.1654
29/7/2026,1634223,4643629,22.8528
29/7/2026,1528353,4643407,175.5208
29/7/2026,120693,4645653,18.9479
29/7/2026,1440333,4643338,68.1517
29/7/2026,1496013,4643539,87.2364
29/7/2026,1604373,4645078,57.3162
16/11/2025,1183563,3950306,67.1943
16/11/2025,231213,3948223,152.8229
16/11/2025,1452873,3948614,119.25
30/7/2026,1533513,4648256,89.9096
30/7/2026,228423,4647365,181.7397
30/7/2026,1635123,4647633,7.92
30/7/2026,1041153,4645929,59.2523
30/7/2026,1382673,4648243,235.8061
30/7/2026,1455873,4647438,70.52
30/7/2026,1387113,4648550,305.3477
30/7/2026,423153,4646151,100.9951
30/7/2026,1149063,4647479,105.7982
30/7/2026,1407573,4648215,41.6843
30/7/2026,1627473,4647257,70.8372
30/7/2026,1635153,4647731,29.902
30/7/2026,1351803,4645940,42.5922
30/7/2026,1635003,4647114,56.8443
30/7/2026,1634943,4646799,44.1239
17/11/2025,1453833,3952126,22.9388
17/11/2025,1261383,3952300,118.0665
17/11/2025,1410633,3952067,59.6977
17/11/2025,1454043,3952748,23.3042
17/11/2025,1146963,3952537,37.9639
17/11/2025,1262733,3952194,246.717
17/11/2025,1262733,3952235,201.7577
31/7/2026,1606743,4649497,35.1467
31/7/2026,948573,4649114,53.359
31/7/2026,1587693,4650529,38.7745
31/7/2026,1435293,4650737,145.4235
31/7/2026,309093,4650286,73.1055
31/7/2026,1635453,4649194,12.8798
18/11/2025,1454583,3954287,35.6171
18/11/2025,1454223,3953321,39.2
18/11/2025,1454373,3953728,12.66
18/11/2025,1454433,3953879,20.8267
18/11/2025,1454403,3953965,60.8088
1/8/2026,1636413,4653204,39.152
1/8/2026,1077273,4654270,72.0415
1/8/2026,1528503,4653103,74.4842
1/8/2026,1376643,4653721,18.6698
19/11/2025,1455873,3958306,66.583
19/11/2025,278733,3955423,75.4546
19/11/2025,1082913,3958017,123.3585
19/11/2025,1455903,3958449,53.5763
19/11/2025,367683,3957860,36.4139
2/8/2026,1637013,4655614,43.436
2/8/2026,1542183,4654904,132.5118
2/8/2026,1284513,4655071,65.4408
2/8/2026,1168623,4654569,92.186
2/8/2026,184683,4656097,82.3158
2/8/2026,228423,4654460,72.545
2/8/2026,1588233,4655230,97.1375
20/11/2025,1350873,3959397,92.2253
20/11/2025,1323693,3961190,86.1469
3/8/2026,1637823,4658853,61.8351
3/8/2026,1043823,4658404,63.8659
3/8/2026,1617633,4658672,29.3705
3/8/2026,1372173,4658791,57.8463
3/8/2026,1637853,4658932,34.1658
3/8/2026,1637583,4657968,138.146
21/11/2025,1457763,3965487,80.7912
21/11/2025,1262643,3964390,38.5518
21/11/2025,1283523,3962801,41.3038
4/8/2026,1595253,4660697,50.213
4/8/2026,1237893,4659459,78.9296
4/8/2026,1010553,4659983,67.9229
4/8/2026,367683,4660029,52.9392
4/8/2026,1638123,4659800,20.4245
4/8/2026,143763,4660330,80.7208
22/11/2025,384483,3966133,176.5718
22/11/2025,1292643,3966227,50.5065
22/11/2025,1418553,3967386,16.916
22/11/2025,1151013,3966565,71.7855
22/11/2025,1458453,3968180,83.3334
5/8/2026,1594203,4662481,147.5287
5/8/2026,1638903,4662675,29.2008
5/8/2026,1637823,4662671,68.649
5/8/2026,996933,4663172,216.9571
5/8/2026,1440663,4661860,66.5414
5/8/2026,1638933,4662772,60.9674
23/11/2025,1110273,3971647,74.6555
23/11/2025,1209243,3971240,13.9732
23/11/2025,1458753,3972117,12.4917
23/11/2025,1458843,3969634,11.85
23/11/2025,1174743,3969187,36.4347
23/11/2025,1134153,3971005,66.1379
23/11/2025,1304433,3970313,128.4183
6/8/2026,1639173,4663900,55.4338
6/8/2026,265773,4666470,87.1518
6/8/2026,1127043,4665927,60.4611
6/8/2026,1282833,4664357,68.0925
6/8/2026,1639203,4664502,67.4925
24/11/2025,360483,3975519,75.3484
24/11/2025,1159653,3976088,71.8362
24/11/2025,1460193,3974574,41.9866
24/11/2025,1460463,3975356,32.6
24/11/2025,1459893,3973597,84.8584
24/11/2025,1460013,3974029,208.4167
24/11/2025,1460073,3974237,74.5584
24/11/2025,344343,3974266,64.9239
24/11/2025,360483,3975252,68.6091
24/11/2025,1459533,3972302,71.9334
24/11/2025,1434813,3973663,203.8168
24/11/2025,1460673,3976191,63.7429
24/11/2025,1334643,3972835,59.6816
24/11/2025,1460043,3974127,63.298
24/11/2025,217743,3974130,118.2195
7/8/2026,1405893,4666766,80.6608
7/8/2026,473733,4668917,16.65
7/8/2026,1081023,4668987,34.2499
7/8/2026,1480083,4666807,36.8223
7/8/2026,231213,4668559,144.5763
7/8/2026,1046973,4666805,64.5005
7/8/2026,231213,4668550,136.1531
7/8/2026,1567323,4668733,56.2729
7/8/2026,426423,4667231,108.608
25/11/2025,1461063,3977576,111.825
25/11/2025,1460913,3976866,70.5015
25/11/2025,1214823,3977822,65.1018
25/11/2025,1461543,3978652,97.828
8/8/2026,161793,4669921,77.6872
8/8/2026,1640553,4669740,106.214
8/8/2026,1640733,4670445,20.0001
26/11/2025,1462173,3980657,16.6878
26/11/2025,1458573,3982827,17.135
26/11/2025,1462053,3980258,64.0875
26/11/2025,371613,3982090,97.9398
26/11/2025,1462593,3982111,325.8875
26/11/2025,63723,3983152,344.25
26/11/2025,1452513,3981137,322.5001
26/11/2025,267663,3980370,51.4336
26/11/2025,1244343,3983558,66.0006
26/11/2025,1462473,3981645,16.7629
26/11/2025,1461903,3979804,102.1601
9/8/2026,1299153,4672050,94.0576
9/8/2026,1641183,4671988,89.411
9/8/2026,1626093,4671769,93.6892
9/8/2026,1641513,4673132,30.2195
27/11/2025,1426383,3985849,76.0563
27/11/2025,68943,3984125,58.3884
27/11/2025,327903,3983659,12.1365
27/11/2025,1224573,3987087,26.7286
27/11/2025,1338723,3985614,57.8189
27/11/2025,1463253,3984636,9.8499
27/11/2025,1267803,3985853,74.756
27/11/2025,1463703,3986301,41.9375
27/11/2025,1418703,3986530,71.0182
27/11/2025,444303,3983994,127.9055
10/8/2026,1641753,4674057,10.4
10/8/2026,1641843,4675843,11.9166
10/8/2026,228423,4675123,85.9376
10/8/2026,184683,4675314,31.2848
10/8/2026,257913,4675400,314.5555
28/11/2025,1272693,3990319,86.8436
28/11/2025,257913,3990593,101.3636
28/11/2025,1333323,3989424,88.5
28/11/2025,1151013,3988227,32.167
28/11/2025,862653,3990329,28.35
28/11/2025,1464993,3990641,48.4193
28/11/2025,1410513,3989266,64.7627
11/8/2026,1232733,4677239,82.3167
11/8/2026,1618173,4676595,133.8948
29/11/2025,1387113,3993406,357.1911
29/11/2025,1407333,3991213,100.6741
29/11/2025,1131483,3991176,38.06
29/11/2025,1465833,3993080,32.9972
29/11/2025,1247553,3991617,42.4899
29/11/2025,234783,3993595,105.6231
29/11/2025,1290003,3992489,21.48
29/11/2025,199323,3994044,49.5001
12/8/2026,1643073,4678426,6.256
12/8/2026,1643133,4678687,11.4952
12/8/2026,430593,4678565,105.6667
30/11/2025,1292223,3995292,47.724
30/11/2025,1209063,3995349,131.2237
30/11/2025,1466943,3996624,3.0028
30/11/2025,1466373,3994933,22
30/11/2025,1466163,3994616,11.5833
30/11/2025,1466463,3995170,56.445
30/11/2025,1466613,3996789,92.2423
30/11/2025,1466853,3996411,28.2225
30/11/2025,1466523,3995450,44.8425
30/11/2025,1467123,3997190,69.6075
13/8/2026,437733,4682303,77.2661
13/8/2026,1544043,4681648,66.8125
13/8/2026,1643583,4680565,46.3659
1/12/2025,1467363,3997952,59.7135
1/12/2025,1467843,3999329,19.3212
1/12/2025,1428633,3999863,241.0729
1/12/2025,1121103,3998352,98.5841
14/8/2026,1644243,4683078,40.0128
14/8/2026,257913,4683671,91.5921
14/8/2026,1544253,4682660,88.5986
14/8/2026,1644393,4683637,9.6493
14/8/2026,1163223,4684549,86.626
14/8/2026,234033,4684055,64.5056
14/8/2026,1644363,4683510,19.5336
2/12/2025,1291233,4002439,70.338
2/12/2025,1345623,4000346,77.2766
2/12/2025,1351803,4002538,81.2314
2/12/2025,1367313,4001558,99.3431
2/12/2025,146283,4000725,95.5836
15/8/2026,1644843,4685329,52.2654
15/8/2026,1179483,4685987,87.4134
15/8/2026,1645173,4686480,15.675
15/8/2026,1645023,4685952,9.2327
3/12/2025,1452273,4003954,66.1849
3/12/2025,1184643,4006067,140.1898
3/12/2025,1469883,4005323,38.1792
3/12/2025,1470033,4005802,48.75
3/12/2025,246153,4004867,62.1538
3/12/2025,1469763,4004997,36.675
3/12/2025,948573,4006028,78.3416
3/12/2025,1469943,4005516,46.1779
16/8/2026,1413543,4686937,58.527
16/8/2026,1612353,4688002,62.777
16/8/2026,474633,4686611,196.3156
16/8/2026,1645323,4686964,8.1989
16/8/2026,1505073,4687238,52.2018
16/8/2026,1173993,4686606,112.0381
16/8/2026,1626093,4687653,12.4167
16/8/2026,1645383,4687160,21.3671
16/8/2026,1626093,4687705,84.67
4/12/2025,1470573,4008038,93.3967
4/12/2025,1372173,4007285,155.6825
4/12/2025,1442403,4009684,77.226
4/12/2025,491733,4007006,77.152
4/12/2025,996933,4010106,100.4011
4/12/2025,1107963,4007959,59.9925
4/12/2025,1469433,4010500,39.9179
4/12/2025,1471263,4010295,41.2624
4/12/2025,331473,4007571,32.3
4/12/2025,1409553,4009146,79.1791
4/12/2025,1470933,4009272,6.654
4/12/2025,1470453,4007612,17.9583
4/12/2025,1469103,4006946,37.9167
4/12/2025,1470813,4008851,35.9751
17/8/2026,33993,4690255,85.1846
17/8/2026,1645653,4689754,18.9479
17/8/2026,1547883,4689610,73.32
17/8/2026,1645953,4689101,85.8359
17/8/2026,1390533,4690235,44.381
17/8/2026,474633,4690570,115.09
5/12/2025,366003,4011808,115.4126
5/12/2025,1380573,4013326,42.4292
5/12/2025,1471713,4011952,20.175
5/12/2025,1384563,4011836,68.0625
5/12/2025,1471743,4012023,60.648
18/8/2026,1423773,4691349,150.4463
18/8/2026,415473,4691795,107.8204
18/8/2026,1162143,4691630,74.6696
18/8/2026,1646493,4691084,69.0149
6/12/2025,1473093,4016205,92.9167
6/12/2025,1010553,4014420,62.3352
6/12/2025,1194483,4016506,170.7121
6/12/2025,1472523,4014390,72.4923
6/12/2025,1423773,4016499,62.4375
6/12/2025,262083,4016946,83.7278
6/12/2025,481893,4016511,86.5527
19/8/2026,1261383,4692921,96.0688
7/12/2025,1100373,4019008,77.6688
7/12/2025,1473153,4020411,23.2949
7/12/2025,1387443,4018343,105.5512
7/12/2025,63723,4020568,122.8697
7/12/2025,1468563,4019589,3.6598
7/12/2025,1473483,4017448,73.1721
7/12/2025,171213,4019026,79.2667
20/8/2026,1534623,4696189,75.9504
20/8/2026,1648083,4696980,23.128
20/8/2026,1647693,4695449,9.6161
20/8/2026,1644393,4695216,11.9224
20/8/2026,1648203,4697493,15.25
8/12/2025,1228443,4022569,78.8339
8/12/2025,1474983,4022626,55.575
8/12/2025,1474443,4022339,36.8414
8/12/2025,1430133,4021719,18.0009
8/12/2025,1474593,4021385,85.5411
8/12/2025,1173993,4022747,71.6751
8/12/2025,1474503,4021061,20.6825
8/12/2025,1077423,4021493,198.4296
8/12/2025,1077273,4022907,83.3219
8/12/2025,1468713,4020664,40.7079
8/12/2025,1387683,4020853,28.6477
8/12/2025,1474893,4022334,84.3749
21/8/2026,223263,4698300,92.7082
21/8/2026,1077813,4699880,98.6315
21/8/2026,1648683,4699361,197.8895
9/12/2025,1475313,4023677,12.0207
9/12/2025,1465233,4024430,126.3172
9/12/2025,1415343,4025279,44.078
9/12/2025,1475463,4024196,141.3025
9/12/2025,1475553,4024494,48.477
9/12/2025,1452273,4023277,29.0259
9/12/2025,1341843,4024374,130.3084
9/12/2025,331473,4024198,56.0054
9/12/2025,1223673,4025543,72.3163
9/12/2025,1475793,4025196,29.925
9/12/2025,1381413,4025102,66.8181
22/8/2026,1442343,4701878,38.6432
22/8/2026,1649283,4701920,38.8649
10/12/2025,1476003,4025909,15.1277
10/12/2025,1476873,4028939,27.7004
10/12/2025,228423,4028317,73.6312
10/12/2025,1196013,4026811,206.8749
10/12/2025,1475943,4025730,62.1948
10/12/2025,1476093,4026203,132.6
10/12/2025,1455903,4025983,53.5405
23/8/2026,1046973,4703155,90.6004
23/8/2026,1649883,4704267,130.5506
23/8/2026,1649583,4703018,108.1303
23/8/2026,1478463,4702751,128.1686
23/8/2026,1262733,4702486,172.7696
23/8/2026,1626933,4704319,43.3249
11/12/2025,273093,4030975,47.4269
11/12/2025,1477293,4030602,180.1413
11/12/2025,1380573,4032266,35.2528
11/12/2025,1477113,4029804,135.8293
11/12/2025,473733,4030154,43.6017
11/12/2025,1316463,4029873,60.4117
24/8/2026,1650423,4706089,49.394
24/8/2026,1433553,4705228,313.1614
24/8/2026,1409553,4705800,73.3752
24/8/2026,1428633,4706711,123.124
24/8/2026,1650513,4706389,68.6789
12/12/2025,1478673,4035694,70.6282
12/12/2025,1478643,4035510,56.2417
12/12/2025,231843,4033941,58.6119
12/12/2025,1156593,4035703,41.9072
12/12/2025,1399533,4036394,38.9478
12/12/2025,217743,4035852,91.7562
12/12/2025,1478823,4036085,73.1158
12/12/2025,251463,4034866,82.388
12/12/2025,1478463,4035032,42.3512
25/8/2026,1304853,4707279,67.1517
25/8/2026,1304793,4707041,26.3334
25/8/2026,1465233,4708468,114.9534
25/8/2026,126813,4707561,44.6137
25/8/2026,1321323,4708079,32.6666
25/8/2026,1128333,4707060,11.4124
13/12/2025,1479873,4039658,17.4583
13/12/2025,1416303,4040207,39.5811
13/12/2025,278733,4040226,114.9886
13/12/2025,1261023,4038942,46.7336
13/12/2025,1479513,4038439,84.5131
13/12/2025,1455873,4039501,71.8034
13/12/2025,1407333,4038619,28.4982
13/12/2025,257913,4037617,101.7464
13/12/2025,363183,4038733,39.7919
13/12/2025,1479183,4037370,56
13/12/2025,1479543,4038541,19.3334
13/12/2025,1480083,4040331,35.825
26/8/2026,1341843,4710768,88.9565
26/8/2026,1651563,4711071,12.1887
26/8/2026,1532013,4709634,23.0128
26/8/2026,1543983,4708898,63.5375
26/8/2026,1651653,4710517,112.4401
26/8/2026,1651263,4708865,41.8413
26/8/2026,1538703,4709398,4.1879
26/8/2026,1410633,4708943,97.0736
26/8/2026,1165353,4710364,95.1606
14/12/2025,1416123,4041106,106.0856
14/12/2025,1089273,4040926,52.1
14/12/2025,1328943,4042431,49.7556
14/12/2025,1480473,4041967,31.4925
14/12/2025,1480353,4041550,68.5612
14/12/2025,1387113,4041382,164.1428
27/8/2026,1077423,4712542,119.0039
27/8/2026,1236333,4713823,102.9797
27/8/2026,1291233,4712933,120.0454
27/8/2026,1040313,4712007,103.6442
27/8/2026,1652043,4711975,50.9309
27/8/2026,273093,4713264,96.2704
27/8/2026,1575603,4712349,306.5299
27/8/2026,1652463,4713658,4.9331
15/12/2025,1481313,4045268,66.6
15/12/2025,1387113,4044266,73.1244
15/12/2025,884283,4046727,43.4171
15/12/2025,1410633,4044672,73.5037
15/12/2025,1481583,4046046,67.6144
15/12/2025,392763,4046396,130.4408
15/12/2025,1304433,4045701,100.4021
15/12/2025,1479333,4046499,16.5833
15/12/2025,1262733,4044714,140.3748
28/8/2026,1651503,4716428,77.3119
28/8/2026,1652943,4715654,33.8264
28/8/2026,1527813,4716784,64.5844
28/8/2026,1652793,4715050,22.8928
16/12/2025,1153263,4048925,80.206
16/12/2025,1436763,4047544,109.9907
16/12/2025,1482513,4049150,64.4679
16/12/2025,1344573,4047747,74.4776
29/8/2026,1653543,4717887,19.9184
29/8/2026,1296213,4718051,66.1386
29/8/2026,1489683,4717491,89.8366
29/8/2026,423153,4718032,200.9459
29/8/2026,1650663,4718255,36.8167
29/8/2026,1648203,4717945,1.7747
17/12/2025,430593,4049980,17.8334
17/12/2025,1432323,4052892,34.4492
17/12/2025,1108803,4050451,20.75
30/8/2026,1654503,4721522,43.4251
30/8/2026,1653453,4720313,65.6715
30/8/2026,223263,4721420,62.1088
30/8/2026,1177893,4719901,61.2939
30/8/2026,415293,4720515,62.6251
30/8/2026,1323693,4721442,116.8635
18/12/2025,1039983,4055761,106.6177
18/12/2025,1433553,4054891,78.0144
18/12/2025,1319373,4056365,86.6658
18/12/2025,1427553,4055694,62.26
18/12/2025,1223523,4054052,98.8088
18/12/2025,1405383,4054576,43.05
18/12/2025,1366413,4053912,18.9779
18/12/2025,1144893,4056113,58.7422
18/12/2025,1483833,4053752,109.2848
31/8/2026,20583,4723625,34.7653
31/8/2026,1035903,4723065,21.1686
31/8/2026,338793,4723643,94.1856
31/8/2026,1644393,4723271,41.7446
31/8/2026,1223523,4723157,103.7813
31/8/2026,1655163,4723918,35.6034
19/12/2025,1256073,4057974,26.4738
19/12/2025,1485003,4058566,19.4334
19/12/2025,1423773,4058295,81.928
19/12/2025,935073,4057543,70.125
19/12/2025,1484733,4057291,122.8125
1/9/2026,1655673,4725562,98.9787
1/9/2026,1215273,4725220,48.3071
1/9/2026,1655643,4725481,19.6368
1/9/2026,1543983,4726107,61.3664
1/9/2026,1214823,4725005,67.6469
1/9/2026,1348683,4724957,61.4242
1/9/2026,1595253,4725124,48.7123
20/12/2025,1485573,4060952,142.2879
20/12/2025,1209573,4061276,31.7789
20/12/2025,142743,4059911,41.3837
20/12/2025,1485753,4061716,4.6445
2/9/2026,1656093,4727108,113.3333
2/9/2026,1220583,4729129,77.7634
2/9/2026,1656453,4728496,58.9145
2/9/2026,1437663,4727962,61.4122
2/9/2026,1656633,4729225,21.1792
2/9/2026,1418703,4726712,96.6568
2/9/2026,1323963,4726838,44.787
2/9/2026,1656423,4728397,25.6392
2/9/2026,1656153,4727331,24.4408
2/9/2026,1210233,4728992,23.5185
2/9/2026,1061973,4729369,137.311
2/9/2026,1267803,4727564,45.4534
2/9/2026,1434813,4727418,321.0504
21/12/2025,1485873,4062214,12.3128
21/12/2025,1485663,4063214,98.2796
21/12/2025,1272693,4062459,138.9498
21/12/2025,1486083,4063180,43.542
21/12/2025,1474983,4063593,29.925
21/12/2025,1125063,4063240,61.5
21/12/2025,1486293,4063975,6.1125
3/9/2026,1324833,4730318,29.186
3/9/2026,1649883,4729699,141.8787
3/9/2026,473733,4731956,24.9752
3/9/2026,1657263,4731963,61.6653
3/9/2026,25173,4731573,73.0733
3/9/2026,1626093,4729735,65.4519
3/9/2026,384483,4732449,92.2351
3/9/2026,1427553,4731822,44.6651
3/9/2026,1389153,4731373,40.581
3/9/2026,1451553,4731040,48.6941
3/9/2026,1605693,4730121,44.918
3/9/2026,1580073,4730382,37.1085
3/9/2026,1278843,4731800,54.019
3/9/2026,1588233,4731143,237.028
3/9/2026,1321473,4732069,6.256
3/9/2026,1334643,4731844,89.1213
22/12/2025,1486653,4065287,43.9875
22/12/2025,1262643,4065020,13.616
22/12/2025,1212753,4064817,30.4
22/12/2025,1486473,4064707,67.4925
4/9/2026,1513473,4733975,112.4339
4/9/2026,1216383,4734452,89.3058
4/9/2026,1657653,4733363,22.4999
4/9/2026,1513473,4733836,12.4167
4/9/2026,426423,4734114,109.9137
4/9/2026,1652463,4733439,27.2279
4/9/2026,1657563,4733041,12.5701
4/9/2026,1265883,4734339,60.042
4/9/2026,1373283,4733055,66.5739
4/9/2026,1253943,4733822,62.2542
4/9/2026,477483,4735476,74.266
23/12/2025,1486743,4065561,107.5
23/12/2025,1487043,4066624,76.1974
23/12/2025,1487013,4066506,78.7133
23/12/2025,1346493,4066066,60.5002
5/9/2026,1573383,4735934,39.8692
5/9/2026,14343,4737005,8.3442
5/9/2026,1194483,4735912,91.1275
5/9/2026,1392573,4737856,98.2726
5/9/2026,1658883,4737954,62.3634
5/9/2026,1435293,4738071,128.1374
5/9/2026,1397703,4736608,58.3814
5/9/2026,1628463,4737778,32.0504
5/9/2026,1620033,4738269,119.6667
24/12/2025,1348683,4066756,122.5
24/12/2025,367683,4067174,40.4811
6/9/2026,1567323,4740709,167.0881
6/9/2026,234783,4740291,126.5851
6/9/2026,1535193,4739046,58.7414
6/9/2026,1605423,4738963,83.2954
6/9/2026,1351803,4740608,80.4663
6/9/2026,1528503,4739770,121.9033
6/9/2026,1527513,4740243,62.4216
6/9/2026,1351803,4740450,12.4167
25/12/2025,1487403,4067869,27.375
25/12/2025,1334643,4067766,86.8436
25/12/2025,1487553,4068390,60.9213
25/12/2025,848373,4068246,71.25
7/9/2026,1653453,4742447,64.6843
7/9/2026,1519623,4743022,64.735
7/9/2026,1407333,4742994,150.4275
7/9/2026,1482513,4742938,98.7001
7/9/2026,1332093,4742743,39.6838
26/12/2025,1398153,4069068,27.2108
26/12/2025,1488063,4070503,57.6733
26/12/2025,1315143,4070255,87.2735
26/12/2025,1432653,4069589,20.8333
26/12/2025,1184643,4070732,317.4558
8/9/2026,1478823,4743798,71.2666
8/9/2026,1478823,4743784,71.2666
8/9/2026,1194483,4743844,185.6752
8/9/2026,1594203,4744405,150.3715
8/9/2026,1546173,4744314,52.163
8/9/2026,1336623,4743990,49.5017
8/9/2026,1194483,4743792,12.4167
8/9/2026,1344573,4745301,63.9567
8/9/2026,1660503,4744009,65.3584
8/9/2026,1056543,4744870,43.0921
27/12/2025,1488693,4072931,19.3608
27/12/2025,1314993,4071616,68.86
27/12/2025,1214823,4072620,83.9785
27/12/2025,862653,4072840,99.161
27/12/2025,1369833,4071325,50.0834
27/12/2025,1435473,4073202,96.8601
27/12/2025,1438953,4071507,39.0833
9/9/2026,1416123,4747506,51.3883
9/9/2026,430593,4745920,138.6925
9/9/2026,1661073,4745810,5.2557
9/9/2026,257913,4746994,146.6195
28/12/2025,1489173,4074817,64.8347
28/12/2025,1419603,4073919,76.1029
28/12/2025,1188213,4075513,10.125
28/12/2025,1488723,4074756,17.1292
28/12/2025,1299153,4073726,51.1809
28/12/2025,1489323,4075376,30.4938
10/9/2026,414843,4750831,65.106
10/9/2026,1634943,4749437,44.4405
29/12/2025,1489713,4076818,93.7292
29/12/2025,234783,4078350,143.9982
29/12/2025,996933,4077412,104.3077
29/12/2025,1489893,4077504,217.8102
29/12/2025,1195233,4078056,16.0245
29/12/2025,1489653,4076619,29.7501
29/12/2025,234783,4078327,154.6956
29/12/2025,1490043,4078022,11.5867
11/9/2026,1662993,4753359,38.8984
11/9/2026,1452153,4752236,65.413
11/9/2026,1520613,4752645,113.2722
11/9/2026,112923,4751462,92.0992
11/9/2026,459393,4752370,33.1583
30/12/2025,1490253,4078870,33.4382
30/12/2025,1204983,4079761,65.6435
30/12/2025,1429053,4080210,66.4251
30/12/2025,91623,4079956,33.9025
12/9/2026,1030023,4754244,129.8618
12/9/2026,1663893,4756671,38.2718
12/9/2026,1491483,4754536,141.0565
12/9/2026,1663863,4756584,12.4041
12/9/2026,1392573,4755209,15.1206
12/9/2026,458853,4756995,13.0534
31/12/2025,1491273,4082939,76.1933
31/12/2025,1416303,4082018,29.85
31/12/2025,1434813,4081529,213.3652
31/12/2025,1491033,4081881,37.5038
31/12/2025,1491093,4082088,14.985
13/9/2026,1543983,4759272,46.402
13/9/2026,184683,4758572,80.6635
13/9/2026,444303,4757336,14.97
13/9/2026,1664163,4757738,45.3793
13/9/2026,1513953,4759952,96.3887
13/9/2026,1664463,4759234,15.5688
13/9/2026,1645653,4757174,8.6256
13/9/2026,1292223,4757936,69.5832
1/1/2026,165933,4083225,105.4016
1/1/2026,1310703,4085385,109.9902
1/1/2026,1310703,4085280,103.9977
1/1/2026,1310703,4085365,92.7236
1/1/2026,1491483,4083928,67.3318
1/1/2026,1491723,4084967,72.7612
1/1/2026,1491783,4085361,32.0101
1/1/2026,1433613,4084346,100.3601
14/9/2026,1664763,4760952,29.365
14/9/2026,450963,4760751,57.8827
14/9/2026,1665003,4762061,8.055
14/9/2026,1496013,4761267,41.2199
14/9/2026,1214823,4761717,65.1376
2/1/2026,1382673,4087375,65.7415
2/1/2026,1407333,4086490,68.0064
2/1/2026,1492563,4088414,36.5893
2/1/2026,1270893,4086784,40.2096
2/1/2026,1188393,4087551,39.36
2/1/2026,1489683,4088316,84.7019
2/1/2026,1298553,4087155,12
2/1/2026,1492143,4086910,83.2608
15/9/2026,1665633,4764538,55.2541
15/9/2026,1630083,4763355,51.6583
15/9/2026,1665603,4764422,58.6975
15/9/2026,367683,4763622,96.1527
3/1/2026,1063383,4090126,76.8189
3/1/2026,1493283,4091157,25.5829
3/1/2026,392763,4091481,72.8488
3/1/2026,1452153,4089758,47.7996
3/1/2026,1485873,4091166,72.3081
3/1/2026,1493103,4090440,28.7925
3/1/2026,1236333,4090209,63.825
3/1/2026,1247553,4091716,34.145
3/1/2026,1141683,4090529,75.4779
16/9/2026,1372023,4765402,57.0267
16/9/2026,266283,4767406,97.8702
16/9/2026,1128333,4766501,42.0416
16/9/2026,1666023,4765841,17.9811
16/9/2026,1350243,4767258,40.0777
16/9/2026,1666203,4766528,8.36
16/9/2026,1646493,4767180,67.137
4/1/2026,1493643,4092502,61.995
4/1/2026,1485873,4092131,72.1798
4/1/2026,1261383,4093763,120.7227
4/1/2026,1173993,4094331,78.0055
4/1/2026,1093383,4094652,40.066
4/1/2026,415473,4093613,102.8522
4/1/2026,1399533,4093061,113.706
4/1/2026,1081713,4093545,78.2328
17/9/2026,1561293,4767664,31.0131
17/9/2026,1081713,4768391,101.2325
17/9/2026,1666593,4768271,86.339
17/9/2026,1663203,4768120,61.1112
17/9/2026,423153,4770344,83.9726
17/9/2026,1110273,4770391,90.3162
17/9/2026,1663203,4768456,56.3304
17/9/2026,1551003,4768812,163.616
17/9/2026,1657053,4768429,30.3447
17/9/2026,1470573,4770143,96.046
17/9/2026,1291233,4768929,105.8888
5/1/2026,1475943,4097310,69.9167
5/1/2026,1451553,4095613,46.659
5/1/2026,1494813,4097055,64.0488
5/1/2026,1177893,4095515,129.4303
18/9/2026,1167393,4773225,91.8969
18/9/2026,1056543,4771434,46.6446
18/9/2026,1542783,4771564,64.0213
18/9/2026,1667733,4772721,84.3203
18/9/2026,1252173,4772859,69.2671
6/1/2026,1128333,4099473,60.0252
6/1/2026,1491153,4099342,77.5749
6/1/2026,1495473,4099113,65.9169
6/1/2026,1074813,4099979,64.3534
19/9/2026,1668063,4774079,11.05
19/9/2026,1039533,4776072,120.0079
19/9/2026,1640883,4774140,20.7513
19/9/2026,257913,4775276,81.744
7/1/2026,1495983,4100797,62.7166
7/1/2026,1495833,4100302,31.9563
7/1/2026,1496013,4100894,75.6667
7/1/2026,1495923,4100669,132.5622
20/9/2026,1556523,4777685,61.9603
20/9/2026,1668933,4777519,208.4626
20/9/2026,1461543,4776482,111.3555
8/1/2026,1162143,4105193,78.5907
8/1/2026,1153263,4103813,41.038
8/1/2026,1497543,4106742,66.7984
8/1/2026,1497003,4104590,65.3441
8/1/2026,1238253,4104734,16.3846
8/1/2026,184683,4105326,75.332
8/1/2026,1239273,4103934,108.8448
8/1/2026,1496763,4103545,14.4175
8/1/2026,1039983,4105860,81.7732
8/1/2026,1267803,4104213,121.7436
8/1/2026,427893,4106799,91.6165
21/9/2026,1669353,4779110,97.1661
21/9/2026,58503,4779723,63.6838
21/9/2026,1669473,4779582,43.7199
21/9/2026,1668213,4780224,47.8263
21/9/2026,1130163,4780257,9.2463
9/1/2026,1498143,4109465,47.8334
9/1/2026,1198923,4107521,35.974
9/1/2026,33993,4109372,26.475
9/1/2026,1497663,4107338,11.85
9/1/2026,407643,4107142,100.4137
9/1/2026,1110273,4109378,78.2598
9/1/2026,1389153,4107594,17.2277
22/9/2026,1670283,4782444,21.7673
22/9/2026,1519503,4780720,47.528
22/9/2026,1604373,4781082,76.9697
22/9/2026,1409553,4781404,61.2627
10/1/2026,1498473,4110694,13.2666
10/1/2026,1497723,4110589,52.761
10/1/2026,1396413,4112461,45.4198
10/1/2026,1499163,4113445,29.5812
10/1/2026,1498623,4111368,35.4583
10/1/2026,1245363,4114149,80.5521
10/1/2026,1499223,4113672,36.6461
10/1/2026,1291233,4114518,173.6157
10/1/2026,301203,4112407,95
10/1/2026,1498593,4112888,37.8763
10/1/2026,1490913,4112783,48.7446
10/1/2026,1485663,4111272,162.2685
23/9/2026,1204983,4785732,80.2419
23/9/2026,1670763,4784522,41.93
23/9/2026,1670703,4784270,42.0769
11/1/2026,1439613,4117404,40.2539
11/1/2026,1261383,4117363,64.7349
11/1/2026,1127043,4117643,92.0477
11/1/2026,1406463,4114928,28.0046
11/1/2026,1254663,4115902,59.5173
11/1/2026,1483683,4115822,28.5702
24/9/2026,1671513,4787688,71.448
24/9/2026,1081713,4787310,38.0257
24/9/2026,1671123,4786327,22.3542
12/1/2026,473733,4119354,24.75
12/1/2026,1159653,4120813,65.2483
12/1/2026,1501053,4120322,100.7776
12/1/2026,1046973,4119203,7.9584
12/1/2026,1501143,4120613,261.625
12/1/2026,1344573,4119973,84.0429
25/9/2026,1435473,4790960,241.6611
25/9/2026,124323,4790063,34.2988
25/9/2026,1666593,4790111,14.8077
25/9/2026,1340253,4788949,34.9
25/9/2026,1542783,4789743,41.4798
25/9/2026,1595253,4790198,89.2916
25/9/2026,1435293,4790738,90.3015
13/1/2026,1418553,4124043,102.4369
13/1/2026,1418553,4122653,226.355
13/1/2026,1501803,4122825,17.495
13/1/2026,1501563,4122105,23.2799
13/1/2026,1165353,4123726,65.2721
13/1/2026,1089273,4123073,63.6581
13/1/2026,1220073,4122600,97.1489
13/1/2026,1428633,4122011,156.114
26/9/2026,1455903,4792092,51.9994
26/9/2026,1329663,4793836,162.9844
26/9/2026,1672713,4791927,25.3435
26/9/2026,1672773,4792884,231.217
26/9/2026,1300023,4793776,66.4036
26/9/2026,1533183,4792743,39.3648
14/1/2026,1503183,4127345,26.8208
14/1/2026,1406043,4124718,55.4822
14/1/2026,1236333,4124848,84.1701
14/1/2026,1478823,4127050,72.1792
14/1/2026,1440663,4127853,76.9837
14/1/2026,1410633,4125919,74.254
14/1/2026,1502343,4124583,63
14/1/2026,164763,4125015,81.6934
14/1/2026,1336473,4125980,200.193
14/1/2026,1173993,4127454,139.6243
14/1/2026,948573,4128230,87.3422
14/1/2026,1502553,4125318,45.75
14/1/2026,1381413,4126037,77.5832
27/9/2026,1671873,4795983,10.9908
27/9/2026,450963,4795822,45.1495
27/9/2026,1672743,4795531,65.7835
27/9/2026,1184643,4795034,163.4627
15/1/2026,228423,4132204,145.3654
15/1/2026,1082913,4132681,123.3559
15/1/2026,1504683,4132802,77.8663
15/1/2026,1324833,4131158,24.8744
28/9/2026,1428633,4796687,168.9144
28/9/2026,1674423,4798717,66.5891
28/9/2026,1427553,4797720,205.908
28/9/2026,1427553,4797610,205.908
28/9/2026,426423,4797938,116.2284
28/9/2026,1674183,4797669,29.7738
28/9/2026,1089873,4798703,89.7043
28/9/2026,1344573,4797031,94.1702
16/1/2026,1074813,4136013,39.9274
16/1/2026,1103823,4134260,62.1248
16/1/2026,1433553,4136046,156.0672
16/1/2026,1196493,4135674,139.9208
16/1/2026,1237893,4135136,86.1704
16/1/2026,1505163,4134474,77.8
16/1/2026,1505493,4135711,72.4368
16/1/2026,1505013,4134007,34.6652
16/1/2026,1505073,4134196,47.7
16/1/2026,1373283,4133363,67.31
16/1/2026,408813,4134296,222.4692
29/9/2026,1460043,4800267,65.3027
29/9/2026,1588233,4801295,168.7858
29/9/2026,1635813,4799914,76.7595
29/9/2026,414843,4801760,69.423
29/9/2026,1674573,4799350,38.9414
29/9/2026,1348683,4801089,54.645
29/9/2026,1675173,4801645,86.9175
29/9/2026,1505163,4800642,53.6068
29/9/2026,1261383,4799413,165.2575
29/9/2026,1517673,4799695,137.7695
17/1/2026,1450893,4139698,84.7464
17/1/2026,1306983,4138570,135.0418
17/1/2026,274113,4138927,51.8561
17/1/2026,1198923,4137954,34.8557
17/1/2026,1286103,4139453,198.416
17/1/2026,1506543,4139556,25.308
17/1/2026,1506633,4139523,32.7605
30/9/2026,1151013,4803574,130.4308
30/9/2026,1676133,4805529,79.0521
30/9/2026,1426383,4803004,97.0116
30/9/2026,266283,4804635,43.0431
30/9/2026,1419393,4802955,40.4092
30/9/2026,1675803,4804159,41.5405
30/9/2026,1676103,4805439,105.0725
30/9/2026,1645653,4802020,61.0494
30/9/2026,165933,4803885,38.0834
18/1/2026,1474893,4142824,98.0803
18/1/2026,1506993,4140855,58.5696
18/1/2026,1423773,4141683,66.3301
18/1/2026,1477113,4142780,37.8958
1/10/2026,1676793,4808455,91.4332
1/10/2026,1478673,4809050,103.2299
1/10/2026,273093,4806258,83.7043
1/10/2026,1410633,4808510,76.2156
1/10/2026,1676193,4805813,122.7217
1/10/2026,1344573,4806888,120.6143
1/10/2026,1658883,4807113,138.4511
1/10/2026,1676193,4805824,61.2673
19/1/2026,1344573,4143621,61.7316
19/1/2026,1344573,4143640,90.775
2/10/2026,1677693,4811775,15.9846
2/10/2026,1677213,4810272,39.5063
2/10/2026,1163523,4810906,42.8649
2/10/2026,1677573,4811603,37.1852
2/10/2026,486093,4811251,23.2674
20/1/2026,1372173,4146446,131.4229
20/1/2026,1477113,4146642,48.109
20/1/2026,1239183,4145787,69.7331
20/1/2026,1407333,4147000,61.9844
20/1/2026,367683,4146595,49.7044
20/1/2026,1422333,4147426,44.6421
20/1/2026,1452633,4147962,108.575
3/10/2026,1677843,4812341,17.2493
3/10/2026,1223523,4813216,136.9827
3/10/2026,1653453,4814480,71.7147
3/10/2026,1678233,4814073,24.055
3/10/2026,1452153,4813105,113.5384
3/10/2026,1454403,4814205,35.1979
3/10/2026,1286103,4813080,162.8325
3/10/2026,1609023,4812494,60.0914
3/10/2026,1678143,4813672,65.0883
21/1/2026,1475943,4150332,28.9167
21/1/2026,1204983,4151320,60.7716
21/1/2026,186663,4149499,82.4834
21/1/2026,1149063,4149568,69.1166
21/1/2026,1510293,4151746,4.9749
21/1/2026,1510383,4152024,113.4755
21/1/2026,323493,4150343,191.8583
21/1/2026,1509843,4150164,4.05
21/1/2026,1061973,4149106,52.8909
21/1/2026,1509663,4149621,13.4585
4/10/2026,1475943,4816138,43.677
4/10/2026,1610733,4816225,47.2536
4/10/2026,1679253,4817732,26.4626
4/10/2026,1065213,4816806,212.7616
4/10/2026,1564293,4817988,38.413
4/10/2026,1678953,4816689,36.75
4/10/2026,1665633,4815923,59.0496
4/10/2026,1595193,4817296,22.5585
4/10/2026,1679043,4816988,28.6271
22/1/2026,1510953,4154314,33.8293
22/1/2026,1214823,4153188,40.5271
22/1/2026,1450893,4152337,65.6653
22/1/2026,1470573,4155479,69.357
22/1/2026,1409583,4152536,77.4225
22/1/2026,1510443,4152375,41.7042
5/10/2026,413523,4819190,184.771
5/10/2026,1273263,4819544,37.7221
5/10/2026,1496013,4818130,146.0421
5/10/2026,1611213,4819620,46.1448
5/10/2026,481893,4818819,64.3061
23/1/2026,1505493,4157746,27.5956
23/1/2026,1405893,4157517,55.6634
23/1/2026,1121703,4156401,30.7868
23/1/2026,1292223,4156506,37.3267
23/1/2026,1038963,4157575,28.9
23/1/2026,1131483,4157568,38.6871
23/1/2026,217743,4157798,79.7158
23/1/2026,231783,4158440,112.517
23/1/2026,1427553,4157612,148.6792
23/1/2026,1511763,4157546,20.75
23/1/2026,1511583,4156883,28.625
23/1/2026,1511853,4158243,73.2203
6/10/2026,1389153,4821762,10.4167
6/10/2026,1679673,4820620,60.2173
6/10/2026,463353,4822659,78.6
6/10/2026,1503183,4821710,85.5662
6/10/2026,1626093,4820868,93.1111
6/10/2026,1680003,4820658,7.375
6/10/2026,1149063,4822210,86.4941
24/1/2026,1269453,4159099,44.386
24/1/2026,1224573,4160995,31.5386
24/1/2026,1416303,4158692,48.75
7/10/2026,1102863,4824578,13.0998
7/10/2026,1679073,4827129,97.6772
7/10/2026,1220073,4824609,115.5401
7/10/2026,1678983,4826986,60.5013
7/10/2026,1232733,4824287,157.1333
7/10/2026,1318413,4824903,66.6708
7/10/2026,1204983,4825871,64.8209
25/1/2026,1409553,4162643,65.8809
25/1/2026,1422333,4161199,40.7464
25/1/2026,1144893,4161325,128.1583
25/1/2026,1333293,4163345,36.1231
25/1/2026,1234923,4161906,11.6595
25/1/2026,1450893,4161633,155.2157
25/1/2026,1455873,4161388,71.5121
8/10/2026,1236333,4828818,81.4851
8/10/2026,1262733,4829785,146.3932
8/10/2026,1682163,4828651,45.2969
8/10/2026,1681953,4828444,38.2082
8/10/2026,1238283,4830078,106.6914
8/10/2026,1525533,4829223,30.0553
8/10/2026,147243,4827565,85.3916
8/10/2026,1650513,4829970,43.7419
8/10/2026,1682313,4829016,42.1022
26/1/2026,1513533,4163890,37.0502
9/10/2026,1594203,4832430,114.3476
9/10/2026,1626933,4832444,50.9115
9/10/2026,1436763,4833142,115.939
9/10/2026,156393,4831401,56.8057
9/10/2026,1128333,4830942,77.3102
9/10/2026,444303,4831453,60.0845
9/10/2026,1319343,4832463,40.5665
9/10/2026,1611873,4831744,62.0417
27/1/2026,1372023,4165666,49.8402
27/1/2026,1514433,4166789,3
27/1/2026,1514463,4166834,75.6527
27/1/2026,1271673,4167547,77.4555
27/1/2026,1514643,4167379,35.0584
10/10/2026,1684383,4836549,18.7135
10/10/2026,484533,4836091,11.0469
10/10/2026,1683723,4834444,49.9284
10/10/2026,1513473,4835439,79.7101
10/10/2026,1237893,4835321,86.4848
28/1/2026,1515303,4169540,22.425
28/1/2026,1514883,4168185,36.784
28/1/2026,1478673,4169833,103.9197
11/10/2026,1433553,4837599,111.4675
11/10/2026,1207683,4838443,69.2426
11/10/2026,1282833,4837367,83.6987
11/10/2026,306303,4839533,65.9433
11/10/2026,1407333,4837052,97.2448
11/10/2026,1332093,4839171,44.9862
11/10/2026,1685133,4839488,62.3174
11/10/2026,1519983,4837134,67.1509
11/10/2026,1685163,4839542,12.6
11/10/2026,1207683,4838434,14.0833
29/1/2026,1515963,4172099,10.3981
29/1/2026,1426233,4172319,38.4916
29/1/2026,1516263,4173317,36.5729
29/1/2026,1350873,4173115,135.3328
29/1/2026,257913,4173349,167.7224
29/1/2026,1515603,4170695,32.475
29/1/2026,1125063,4171872,107.2067
29/1/2026,1096713,4172317,119.59
29/1/2026,1334313,4173382,50.7823
29/1/2026,1185843,4172278,75.766
29/1/2026,1210233,4171695,62.0201
29/1/2026,1516233,4173166,34.2254
29/1/2026,1272693,4170850,119.78
29/1/2026,1495923,4172318,34.3275
29/1/2026,1157373,4173430,64.2654
29/1/2026,306753,4172849,38.405
29/1/2026,1515993,4173418,111.5038
12/10/2026,1677813,4840360,11.4331
12/10/2026,1685493,4840700,32.3984
30/1/2026,1081713,4175501,67.2304
30/1/2026,1333413,4174145,83.3185
13/10/2026,1686003,4842435,43.3124
13/10/2026,1372173,4842174,47.8062
13/10/2026,1389093,4843353,15.0738
13/10/2026,1600803,4844156,18.4545
31/1/2026,1202073,4179510,69.9147
31/1/2026,1497273,4178058,44.46
31/1/2026,481893,4177078,60.3367
31/1/2026,1517613,4178539,90.4084
31/1/2026,1341843,4178381,77.1556
31/1/2026,89313,4178606,42.9862
31/1/2026,1517673,4178899,60.2455
31/1/2026,1439733,4179675,67.6024
31/1/2026,1327233,4177289,41.962
14/10/2026,358443,4847473,140.5464
14/10/2026,1633593,4844290,30.1679
14/10/2026,1165353,4846716,106.056
14/10/2026,91623,4844439,38.2583
14/10/2026,1684983,4845713,42.6035
14/10/2026,1686393,4845313,23.7213
14/10/2026,1620813,4846279,38.2891
14/10/2026,1478673,4847389,70.125
1/2/2026,426423,4181331,69.9595
1/2/2026,1223523,4180950,218.8333
1/2/2026,1518483,4181899,72.4516
1/2/2026,1489683,4182690,88.874
1/2/2026,1492143,4182377,157.1731
1/2/2026,1518603,4182380,41.65
1/2/2026,1038093,4181977,48.196
1/2/2026,1329663,4180839,61.7684
1/2/2026,1518033,4180238,13.2666
1/2/2026,1292943,4182527,78.3442
1/2/2026,210783,4181261,14.7583
1/2/2026,1518723,4182873,56.3275
15/10/2026,1547133,4850766,88.2593
15/10/2026,1687713,4848979,21.1209
15/10/2026,1010553,4849655,72.8552
15/10/2026,1077423,4850056,150.5793
2/2/2026,1510953,4184985,69.1341
2/2/2026,1518903,4183570,27.575
2/2/2026,1334643,4184554,84.9138
2/2/2026,1284513,4183781,195.8536
2/2/2026,1519083,4184288,114.5267
16/10/2026,1543983,4851795,32.587
16/10/2026,1689003,4854100,72.9169
16/10/2026,1688973,4853986,136.6325
3/2/2026,1519503,4185651,39.2285
3/2/2026,1519713,4186277,49.775
3/2/2026,1351143,4185786,47.8369
17/10/2026,1687653,4856839,97.4006
17/10/2026,1286103,4854469,130.5412
17/10/2026,1442013,4856770,95.2423
17/10/2026,1544253,4857051,55.0552
17/10/2026,1689333,4855272,21.2417
4/2/2026,1520613,4189664,86.4753
4/2/2026,1046973,4191446,8.1314
4/2/2026,1437663,4189190,137.4325
4/2/2026,1520733,4190002,22.9167
4/2/2026,1505163,4189904,56.0135
18/10/2026,1673853,4857757,119.9746
5/2/2026,1521753,4194896,69.5
5/2/2026,1397703,4194280,50.5167
5/2/2026,1521963,4194903,9.9526
5/2/2026,1275813,4192247,103.7868
5/2/2026,1521693,4193849,18.8698
5/2/2026,1521093,4191638,92.5
19/10/2026,1690593,4859758,13.7989
19/10/2026,1690803,4860537,21.9583
19/10/2026,1691013,4861293,26.7732
19/10/2026,1691103,4861674,28.082
19/10/2026,1139103,4860015,70.5579
6/2/2026,278733,4195909,71.5166
6/2/2026,1234593,4195585,68.9931
6/2/2026,1381413,4195721,71.8805
6/2/2026,1382673,4196787,36.679
6/2/2026,1319343,4196160,46.9121
6/2/2026,485253,4197765,92.2557
20/10/2026,1223673,4864041,132.5757
20/10/2026,1691163,4861901,62.4167
20/10/2026,1691823,4864121,9.0256
20/10/2026,1341843,4863243,133.2374
20/10/2026,1254663,4863541,60.7481
20/10/2026,1299153,4863565,98.2768
20/10/2026,1209573,4862379,22.7948
7/2/2026,1384563,4198653,82.5625
7/2/2026,1184643,4200329,455.2836
7/2/2026,1138083,4200367,143.7558
7/2/2026,1522173,4199559,60.585
7/2/2026,1256073,4198788,72.2021
7/2/2026,1220583,4200229,67.0127
7/2/2026,1478673,4200371,41.0203
21/10/2026,1692243,4865659,61.9559
21/10/2026,1594203,4864264,145.2218
21/10/2026,1063383,4867309,43.6882
21/10/2026,1692033,4864828,84.2208
21/10/2026,1692153,4865263,41.0695
21/10/2026,1645953,4865537,121.8139
21/10/2026,1435293,4867171,73.9191
21/10/2026,1692093,4865068,65.582
8/2/2026,1457763,4203126,115.625
8/2/2026,1030023,4202139,89.8822
8/2/2026,1523943,4202533,22.1059
8/2/2026,358443,4202982,103.2188
8/2/2026,1458843,4201867,13
22/10/2026,1693023,4869049,69.0728
22/10/2026,1690563,4869919,11.175
22/10/2026,1693233,4869805,35.5352
22/10/2026,1635813,4869130,89.9658
22/10/2026,1457763,4868242,83.625
22/10/2026,1588233,4869903,100.9622
22/10/2026,217743,4868444,80.1831
22/10/2026,306303,4870326,82.324
22/10/2026,414963,4867993,80.5424
22/10/2026,1030023,4869995,114.3666
22/10/2026,1058073,4869041,72.4951
22/10/2026,1611333,4868089,20.1875
22/10/2026,1434813,4868847,258.49
22/10/2026,1692993,4869090,70.5292
9/2/2026,1435473,4203765,82.275
9/2/2026,1516323,4204774,74.0718
9/2/2026,1524393,4204196,64.4
9/2/2026,1019493,4204399,118.7594
23/10/2026,1612653,4872995,50.0407
23/10/2026,1612473,4874534,26.8875
10/2/2026,217743,4207076,75.8438
10/2/2026,1524873,4206136,68.7437
10/2/2026,1463253,4206861,10.8333
10/2/2026,1426383,4206331,112.8458
10/2/2026,1426383,4206342,99.3919
10/2/2026,1288833,4206901,13.3021
10/2/2026,1520883,4206413,68.6537
10/2/2026,17043,4206847,34.2943
24/10/2026,1489683,4878459,85.2004
24/10/2026,1324833,4882458,31.5076
24/10/2026,317883,4882497,18.0358
24/10/2026,1696383,4882807,54.7987
24/10/2026,1694823,4882533,11.282
24/10/2026,1695903,4880949,92.2019
24/10/2026,120693,4883814,18.9479
24/10/2026,1692513,4878640,64.4984
11/2/2026,1525383,4207906,133.3333
11/2/2026,1407573,4209022,77.7712
11/2/2026,1455903,4208495,61.4654
11/2/2026,1038093,4209847,46.8812
11/2/2026,231783,4209580,126.014
11/2/2026,1526073,4210506,45
11/2/2026,1526163,4210955,30.0555
25/10/2026,343203,4889070,38.9858
25/10/2026,1410633,4887076,78.3161
25/10/2026,1511583,4885932,51.4558
25/10/2026,1696743,4884349,19.0212
12/2/2026,384483,4212512,82.0086
12/2/2026,366003,4212432,110.5378
12/2/2026,884403,4212271,66.6668
12/2/2026,1526223,4212799,49.9583
26/10/2026,1592163,4892740,33.7985
26/10/2026,457413,4897346,75.1734
26/10/2026,1546173,4897434,134.8836
26/10/2026,1580073,4894842,49.4784
26/10/2026,1700253,4898198,61.4261
26/10/2026,1173993,4898938,79.8499
26/10/2026,1442013,4895334,82.4662
26/10/2026,1360593,4896621,23.9584
26/10/2026,467223,4898809,92.9167
26/10/2026,1134153,4898001,85.2128
13/2/2026,1380573,4214114,33.25
13/2/2026,1491273,4216183,70.66
13/2/2026,1162143,4216058,124.4379
13/2/2026,1527513,4216381,68.745
13/2/2026,1128333,4214719,60.2502
13/2/2026,1527213,4215182,2.9083
13/2/2026,1410633,4215256,64.2807
27/10/2026,485253,4903726,103.365
27/10/2026,278733,4903777,67.1905
27/10/2026,1110273,4899870,84.7124
27/10/2026,1702293,4905302,88.0933
27/10/2026,1701573,4902977,24.7701
27/10/2026,1680573,4902126,40.122
27/10/2026,1701633,4903146,65.8314
27/10/2026,1141683,4904082,78.7172
27/10/2026,1245363,4904809,86.6259
27/10/2026,1701393,4902341,70.1162
14/2/2026,1527813,4217594,39.483
14/2/2026,1527693,4217088,42.607
28/10/2026,1703133,4908594,66.5751
28/10/2026,1255503,4907233,84.5513
28/10/2026,1672743,4908605,62.9154
28/10/2026,1704633,4915930,55.5374
28/10/2026,1618653,4909614,53.3803
28/10/2026,1428633,4909762,137.4983
28/10/2026,1261383,4911682,76.275
28/10/2026,1163223,4916070,57.6413
28/10/2026,328023,4906910,61.2953
28/10/2026,1704873,4916630,30.1208
28/10/2026,1423773,4911741,126.8421
15/2/2026,1322583,4219352,68.745
15/2/2026,1528053,4221371,80.7204
15/2/2026,1528773,4221263,14.6846
15/2/2026,1528503,4220344,125.5934
15/2/2026,1446543,4219628,38.6239
15/2/2026,1528353,4219686,64.9892
15/2/2026,1267803,4221240,63.105
15/2/2026,1176873,4220859,70.712
29/10/2026,212493,4923458,79.0342
29/10/2026,1433613,4923730,29.8425
29/10/2026,1707273,4925893,62.5212
29/10/2026,197373,4919057,54.5459
29/10/2026,1705413,4919677,65.2739
29/10/2026,1699773,4925670,53.0895
29/10/2026,1706313,4922622,40.9222
29/10/2026,1636413,4923530,56.3831
29/10/2026,1369833,4918625,84.9655
16/2/2026,1529133,4222584,20.1819
16/2/2026,1426383,4222969,111.5962
16/2/2026,1529193,4222741,44.6321
16/2/2026,1253823,4223149,69.2666
30/10/2026,1144893,4934293,53.3125
30/10/2026,426423,4930437,99.4872
30/10/2026,1709013,4932465,20.425
30/10/2026,1426383,4928813,97.0116
30/10/2026,1369353,4933209,43.7916
30/10/2026,1709133,4933465,24.4633
30/10/2026,948573,4933373,29.2408
30/10/2026,1709073,4932657,15.8912
30/10/2026,1397703,4929713,55.4416
17/2/2026,1236333,4223631,94.5557
17/2/2026,1529913,4225210,54.4389
17/2/2026,1237893,4224520,69.4617
17/2/2026,1248333,4224433,33.1666
17/2/2026,1438953,4223921,32.4501
31/10/2026,1708653,4940473,54.5524
31/10/2026,1618173,4943293,46.2542
31/10/2026,1709433,4942049,21.2166
31/10/2026,1214823,4940773,98.6003
31/10/2026,1495833,4943737,59.0081
31/10/2026,1669353,4935121,62.0795
31/10/2026,367683,4942473,59.7765
31/10/2026,1291233,4944749,83.0471
18/2/2026,1491483,4228095,59.6881
18/2/2026,1060173,4227747,62.4758
18/2/2026,1204983,4226207,64.6328
18/2/2026,1428633,4225997,143.6362
18/2/2026,1530243,4226431,68.13
18/2/2026,1530153,4226149,20.6234
1/11/2026,1334643,4947449,136.1136
1/11/2026,1713333,4949681,50.0437
1/11/2026,1703733,4947561,202.9058
1/11/2026,1048983,4952681,41.0834
1/11/2026,1713393,4951005,139.8881
1/11/2026,1666593,4950101,35.8023
1/11/2026,1713693,4951145,44.6076
1/11/2026,1478463,4954381,38.8601
1/11/2026,1156023,4948497,52.2951
1/11/2026,1102863,4955961,48.8151
1/11/2026,1567323,4955737,105.5813
1/11/2026,1714173,4952909,17.794
19/2/2026,1519083,4229780,114.5912
19/2/2026,392763,4230584,141.9572
19/2/2026,1531503,4231129,28.6855
19/2/2026,1530993,4229339,111.8484
19/2/2026,1455873,4228619,74.3893
2/11/2026,1717773,4965445,19.16
2/11/2026,1716813,4962481,62.6583
2/11/2026,1715973,4959165,19.9917
2/11/2026,1716513,4961141,34.07
2/11/2026,1717833,4965689,249.2964
2/11/2026,1718073,4966509,21.3037
20/2/2026,1345623,4233721,39.3333
20/2/2026,1077423,4233080,201.0529
20/2/2026,1530873,4231899,73.0365
20/2/2026,1433553,4232270,51.7703
20/2/2026,1531563,4231375,35.4408
3/11/2026,1137723,4971945,116.1214
3/11/2026,1719333,4970629,40.2893
3/11/2026,1715553,4967953,45.4208
3/11/2026,1561233,4974993,72.6789
3/11/2026,1648083,4976509,73.7425
3/11/2026,1653453,4968865,63.951
3/11/2026,1287393,4969601,135.6927
21/2/2026,1089273,4235184,72.8164
21/2/2026,996933,4234573,191.673
21/2/2026,1286103,4236320,195.4421
21/2/2026,1306983,4235751,139.9049
4/11/2026,1547883,4988373,64.971
4/11/2026,1046973,4990881,128.3237
4/11/2026,1542783,4987217,40.3922
4/11/2026,1725153,4990897,69.7571
4/11/2026,1405893,4984369,136.3213
22/2/2026,1533183,4238398,92.7716
22/2/2026,1379253,4237679,87.8023
22/2/2026,1533273,4238191,149.9925
22/2/2026,1318413,4238284,65.9238
22/2/2026,1504203,4236492,184.575
5/11/2026,1723353,5001337,94.453
5/11/2026,473733,4995509,29.97
5/11/2026,1426383,4997497,86.5263
5/11/2026,1728633,5005025,14.5577
5/11/2026,1334313,5004785,38.4722
5/11/2026,1217883,4996017,100.1922
5/11/2026,1725633,4993005,59.7498
5/11/2026,1726653,5007249,63.0739
5/11/2026,1727013,4999101,73.8661
5/11/2026,1727193,5002085,15.25
5/11/2026,1722093,5006305,64.9425
5/11/2026,174933,4996749,85.8708
23/2/2026,1510953,4239262,189.3529
23/2/2026,1532433,4239554,10.5327
6/11/2026,1305483,5017352,72.7959
6/11/2026,1712253,5008681,129.8483
6/11/2026,1732233,5018490,12.1011
6/11/2026,1729773,5009285,26.2084
6/11/2026,1729293,5007705,68.258
6/11/2026,265773,5015921,81.5713
6/11/2026,1452153,5015571,42.1076
6/11/2026,1719633,5012345,74
6/11/2026,1732233,5018537,12.1011
6/11/2026,1151883,5012253,82.2524
6/11/2026,1077423,5018199,65.5822
24/2/2026,1292223,4241945,57.585
24/2/2026,1534473,4242528,47.0948
24/2/2026,1413543,4242207,110.6871
24/2/2026,1534623,4243026,36.1186
7/11/2026,1734513,5026839,7.4925
7/11/2026,1732683,5019903,21.9253
7/11/2026,231213,5021800,122.7764
7/11/2026,1733913,5024571,63.125
7/11/2026,1733643,5026836,60.4652
7/11/2026,1194483,5026983,96.0927
7/11/2026,1594803,5028006,26.6456
7/11/2026,1733193,5021830,28.1916
25/2/2026,1535313,4245647,21.1868
25/2/2026,234783,4246063,280.8655
25/2/2026,1535193,4245185,72.3672
25/2/2026,1535343,4245835,13.8714
25/2/2026,437733,4245824,63.8098
25/2/2026,367683,4245184,47.0531
25/2/2026,1533513,4244424,105.9297
25/2/2026,1389153,4245404,29.7536
25/2/2026,1074813,4246217,58.8635
8/11/2026,1736403,5033751,15.8738
8/11/2026,1737573,5037864,13.2227
8/11/2026,1736073,5035581,19.6818
8/11/2026,1628463,5035521,38.4206
8/11/2026,1736763,5035032,16.3317
8/11/2026,1499163,5032128,100.7644
8/11/2026,1128333,5034666,67.9974
8/11/2026,1733463,5032332,25.6944
8/11/2026,1513473,5030750,105.3349
8/11/2026,1737453,5037390,41.4021
26/2/2026,1511583,4247828,69.3168
26/2/2026,1536243,4249206,166
26/2/2026,1536243,4249257,145.3334
26/2/2026,1511853,4247049,43.8998
26/2/2026,1155453,4247986,52.3106
26/2/2026,248073,4249721,67.0313
26/2/2026,1400133,4250150,20.4849
26/2/2026,1261383,4248159,128.4222
9/11/2026,1737153,5040309,34.8134
9/11/2026,1739193,5043999,7.123
9/11/2026,1604373,5043408,69.3675
9/11/2026,1739073,5043555,25.5799
9/11/2026,1678863,5040588,49.2912
9/11/2026,1737723,5038503,39.0833
9/11/2026,1738623,5041920,7.1175
9/11/2026,1630143,5038026,13.8
9/11/2026,1626093,5045655,94.0054
27/2/2026,481893,4251056,88.2918
27/2/2026,1427553,4251787,96.7128
27/2/2026,1151883,4250452,68.6423
27/2/2026,323583,4252001,120.2137
27/2/2026,1537083,4252460,23.1787
27/2/2026,1536903,4251840,49.2479
27/2/2026,1440333,4252138,62.9332
27/2/2026,1536813,4251568,13.825
27/2/2026,1447083,4253213,129.0496
27/2/2026,1537203,4253124,30.59
10/11/2026,1197873,5051592,54.5919
10/11/2026,1738983,5047890,108.8089
10/11/2026,1740243,5051352,64.7388
10/11/2026,1740963,5049714,5.6881
10/11/2026,1741833,5052600,28.2
10/11/2026,1607913,5051721,216.6608
10/11/2026,1740453,5048148,85.8334
10/11/2026,1138083,5052156,149.9933
28/2/2026,1478823,4253760,69.7266
28/2/2026,1339833,4255698,44.811
28/2/2026,473733,4254211,29.04
28/2/2026,1405383,4253765,111.9592
28/2/2026,359103,4253645,2.75
28/2/2026,1335123,4254075,87.7317
28/2/2026,1058073,4253943,96.4122
11/11/2026,1744533,5061690,12.6792
11/11/2026,1496013,5055957,169.7296
11/11/2026,1744983,5063154,28.2084
11/11/2026,1073343,5064483,29.25
11/11/2026,359853,5066556,203.3333
11/11/2026,1151013,5056890,133.0804
11/11/2026,1745733,5065905,52.8938
11/11/2026,1741923,5055984,31.8679
11/11/2026,1625403,5056821,38.7392
11/11/2026,228423,5063478,216.0071
11/11/2026,1745193,5064225,39.626
11/11/2026,1743963,5059869,20.186
11/11/2026,1744563,5066946,70.1958
11/11/2026,1745163,5063793,19.485
11/11/2026,1743453,5058084,28.9834
11/11/2026,423153,5057751,152.2211
11/11/2026,1744893,5062782,118.654
11/11/2026,1744383,5061162,19.7499
11/11/2026,1741863,5055894,11.925
11/11/2026,1746063,5067201,53.7346
11/11/2026,1455903,5061933,74.9951
1/3/2026,63963,4258897,38.9617
1/3/2026,91623,4256827,37.5816
1/3/2026,1539003,4259936,51.51
1/3/2026,477483,4257682,69.0352
1/3/2026,1538223,4256777,15.825
1/3/2026,1539063,4260154,12.276
12/11/2026,1748823,5077821,36.3786
12/11/2026,1748163,5075238,40.4829
12/11/2026,1748493,5076462,21.6083
12/11/2026,996933,5074290,252.4193
12/11/2026,1533513,5069709,124.3596
12/11/2026,1409553,5069094,95.8069
12/11/2026,1749123,5079285,24.9252
12/11/2026,1615683,5077995,20.8708
12/11/2026,1588893,5073861,22.524
12/11/2026,146283,5076405,120.0834
12/11/2026,306303,5077800,97.0921
12/11/2026,77973,5068383,15.7332
12/11/2026,1236333,5076342,83.5785
12/11/2026,1736523,5069304,52.2549
12/11/2026,1747713,5073891,29.5951
2/3/2026,1296513,4260995,45.003
2/3/2026,1327233,4260861,41.962
2/3/2026,1188093,4262623,36.0433
2/3/2026,1539153,4260471,14.8096
2/3/2026,1030023,4260798,76.8113
2/3/2026,1210233,4261754,33.7818
2/3/2026,1407333,4262022,57.1017
13/11/2026,1749693,5082060,65.403
13/11/2026,1505163,5080434,101.1011
13/11/2026,1750653,5085018,31.9418
13/11/2026,1750683,5085102,20.838
13/11/2026,1750443,5084250,71.7
13/11/2026,1750533,5084574,55.9341
13/11/2026,1750323,5083827,8.75
13/11/2026,1718313,5086428,90.625
13/11/2026,1751253,5086965,13.8239
13/11/2026,1519623,5087631,65.0312
13/11/2026,1669353,5079981,71.8741
13/11/2026,1407333,5085777,131.9823
13/11/2026,450963,5086302,66.421
3/3/2026,1423773,4263934,86.2032
3/3/2026,1046973,4263943,7.1104
3/3/2026,1434813,4263710,298.7627
3/3/2026,1167393,4264485,96.2865
3/3/2026,1441353,4264146,112.7866
3/3/2026,1458843,4263636,34.3701
14/11/2026,1754043,5096802,78.1847
14/11/2026,1332093,5089167,38.5596
14/11/2026,1753053,5093655,25.0165
14/11/2026,217743,5094702,128.1811
14/11/2026,1752333,5091009,33.2917
14/11/2026,1754103,5097078,50.6261
14/11/2026,1535193,5092110,30.0199
14/11/2026,1752663,5092173,35.5523
14/11/2026,1753773,5095848,54.5764
14/11/2026,62733,5096391,29.7
14/11/2026,1753443,5094837,35.0721
14/11/2026,1752153,5090427,78.8539
4/3/2026,257913,4269055,209.4849
4/3/2026,1530873,4267949,17.7328
4/3/2026,1397703,4265624,44.6046
4/3/2026,1333263,4265496,110.5713
4/3/2026,491733,4267144,80.3816
15/11/2026,120213,5098704,65.6198
15/11/2026,1752903,5098719,65.7806
15/11/2026,1360233,5103993,60.6554
15/11/2026,334263,5099856,53.5336
15/11/2026,1756143,5105115,72.2358
15/11/2026,1755453,5102163,28.3263
15/11/2026,1754433,5098143,17.2763
15/11/2026,1367703,5102112,42.8498
5/3/2026,1541583,4269377,25.7361
5/3/2026,1058073,4270740,5.7333
5/3/2026,1418553,4269637,57.4128
5/3/2026,1542183,4271813,87.427
5/3/2026,1344573,4269663,93.0666
5/3/2026,1286103,4269301,180.393
5/3/2026,1542243,4271939,12.3667
5/3/2026,242553,4272076,49.8576
16/11/2026,1757463,5109249,57.2068
16/11/2026,423153,5112255,60.5423
16/11/2026,1341933,5110290,34.8904
16/11/2026,1738923,5111967,53.068
16/11/2026,63723,5107212,51.8204
16/11/2026,1757493,5109231,53.0427
16/11/2026,1746933,5109831,58.3553
16/11/2026,1757193,5108364,99.033
16/11/2026,1757973,5110875,45.9166
16/11/2026,1758423,5112333,17.5355
6/3/2026,1543143,4275340,64.4381
6/3/2026,1185603,4274771,58.7314
6/3/2026,366003,4274384,99.52
6/3/2026,1543353,4276005,25.7338
6/3/2026,1542783,4274593,36.875
6/3/2026,1542573,4273404,14.9917
6/3/2026,318843,4274927,38.1946
6/3/2026,1542813,4274215,29.9834
17/11/2026,1760403,5119611,115.8333
17/11/2026,1759473,5116098,31.6666
17/11/2026,1759143,5114967,27.1191
17/11/2026,1759533,5116644,57.8019
17/11/2026,1407333,5117631,104.5679
17/11/2026,1237893,5118333,108.5912
17/11/2026,1510383,5118624,80.5513
17/11/2026,1759293,5115546,24.9167
17/11/2026,1245363,5120928,71.651
17/11/2026,1760613,5120085,68.8451
17/11/2026,1760313,5119047,35.0493
17/11/2026,1758993,5114592,21.1084
17/11/2026,1759023,5114637,7.2109
17/11/2026,1409583,5113572,85.6526
17/11/2026,1760643,5120187,31.1875
7/3/2026,1423773,4278428,69.6355
7/3/2026,1543923,4278089,60.3976
7/3/2026,1341843,4279128,122.5588
7/3/2026,1291233,4278107,80.2309
7/3/2026,1368123,4276826,39.4393
7/3/2026,1544253,4279189,82.1712
7/3/2026,1543953,4278170,13.2365
18/11/2026,1762653,5127111,46.0346
18/11/2026,1763853,5131566,27.3583
18/11/2026,1761573,5123493,74.2334
18/11/2026,1351803,5125812,100.9053
18/11/2026,1764093,5132481,38.9667
18/11/2026,1759203,5124984,53.0542
18/11/2026,1762683,5127237,26.8458
18/11/2026,1758333,5125986,72.9057
18/11/2026,1125543,5132808,64.0038
18/11/2026,1763583,5130369,71.5873
18/11/2026,1040523,5126868,67.2817
18/11/2026,1220073,5124441,118.4296
18/11/2026,1763553,5130252,19.6288
18/11/2026,1763133,5128788,27.1154
18/11/2026,1762263,5125782,31.7536
18/11/2026,1651263,5126298,29.0167
18/11/2026,1676103,5132799,113.9623
18/11/2026,1635813,5124447,84.6518
18/11/2026,1762443,5126502,5.656
18/11/2026,1761633,5123661,12.4563
8/3/2026,1544523,4280251,95.26
8/3/2026,1478673,4281781,69.8318
8/3/2026,1544043,4279493,134.7
8/3/2026,1545003,4282000,23.4603
8/3/2026,1145583,4281912,64.2482
19/11/2026,1741203,5140881,50.1415
19/11/2026,1765713,5139159,8.5806
19/11/2026,1765233,5137140,47.4209
19/11/2026,1767423,5145396,11.6167
19/11/2026,344343,5139621,66.4671
19/11/2026,1722513,5137782,64.3366
19/11/2026,1602633,5138205,33.0768
19/11/2026,1442013,5138718,110.6591
19/11/2026,1767603,5145981,34.5033
19/11/2026,1766133,5141163,339.625
19/11/2026,1767813,5146773,16.26
19/11/2026,1711593,5143536,57.4
19/11/2026,1764993,5136105,62.7094
19/11/2026,1766343,5141877,69.111
19/11/2026,1348683,5142702,72.7054
19/11/2026,1767873,5147379,334.0383
19/11/2026,1149063,5142555,84.641
19/11/2026,1752753,5135937,21.8333
19/11/2026,1595253,5139975,116.9797
19/11/2026,1714293,5143509,27.4375
9/3/2026,1137153,4283372,10.12
9/3/2026,1149063,4283022,69.6846
20/11/2026,1454223,5147880,28.7788
20/11/2026,1770063,5155083,24.9167
20/11/2026,1451553,5152797,83.9546
20/11/2026,392763,5158818,14.0833
20/11/2026,1611873,5157624,68.0562
20/11/2026,392763,5159043,203.4427
20/11/2026,1768623,5149908,28.8
20/11/2026,1702653,5159718,69.8846
20/11/2026,1265883,5150790,72.119
20/11/2026,1770333,5155872,56.8334
20/11/2026,1648683,5157582,93.8844
20/11/2026,1771053,5158203,11.2625
20/11/2026,58503,5150829,36.0792
20/11/2026,1769823,5154210,33.9489
20/11/2026,1060173,5151786,62.6037
20/11/2026,1657713,5150016,53.7756
20/11/2026,1151013,5158809,37.5751
10/3/2026,1432323,4285841,38.4401
10/3/2026,1545483,4285043,51.3483
10/3/2026,1546173,4286094,42.3166
10/3/2026,186663,4285721,71.9741
10/3/2026,1286103,4284887,115.1867
10/3/2026,1544463,4285165,29.0763
10/3/2026,1545843,4285010,9.384
21/11/2026,1011093,5166483,75.0593
21/11/2026,1773693,5167626,34.0458
21/11/2026,1774143,5169096,14.0284
21/11/2026,409203,5165124,73.7664
21/11/2026,1770423,5168244,224.315
21/11/2026,1771503,5171487,19.4212
21/11/2026,1127043,5171844,79.4346
21/11/2026,257913,5161971,14.0833
21/11/2026,1767783,5160363,26.3415
21/11/2026,1774293,5169543,65.8333
21/11/2026,1774743,5171151,136.6325
21/11/2026,1773423,5166600,82.8584
21/11/2026,257913,5163036,316.1973
21/11/2026,1701633,5168346,51.5607
21/11/2026,1752483,5162577,50.3548
21/11/2026,1772253,5163153,105.4488
11/3/2026,1547133,4289517,54.4961
11/3/2026,1547043,4289162,23.7996
11/3/2026,370953,4289006,39.6668
11/3/2026,1546953,4288826,65.0833
11/3/2026,1410633,4289380,82.2143
22/11/2026,1409553,5174337,77.4623
22/11/2026,1528503,5176317,72.6139
22/11/2026,1771743,5177130,52.0205
22/11/2026,1544523,5175561,25.32
22/11/2026,1751163,5180286,80.4198
22/11/2026,1775253,5172966,14.0284
22/11/2026,1775493,5173737,51.6881
22/11/2026,1672743,5177373,67.0153
22/11/2026,1776003,5176833,60.6402
22/11/2026,484533,5181330,19.8192
22/11/2026,1777383,5180154,14.1596
22/11/2026,1162143,5180490,64.0757
22/11/2026,1775463,5173683,2.3801
22/11/2026,1592163,5174703,91.694
22/11/2026,1134153,5178693,62.3251
22/11/2026,1778343,5183100,24.1704
22/11/2026,1770243,5178096,63.3068
12/3/2026,262083,4293619,66.6968
12/3/2026,1545273,4292986,31.2177
12/3/2026,217743,4293713,159.6589
12/3/2026,1442013,4292992,106.1964
12/3/2026,1548303,4294156,15.825
23/11/2026,1780833,5192355,67.3764
23/11/2026,1781793,5195565,12.0802
23/11/2026,1780173,5189991,32.5125
23/11/2026,1782333,5198151,125.3334
23/11/2026,1782543,5198472,68.0756
23/11/2026,1344573,5186811,75.983
23/11/2026,1780413,5191173,94.4252
23/11/2026,1776663,5186697,66.9375
23/11/2026,1778643,5184069,87.3487
23/11/2026,1113423,5195049,124.1566
23/11/2026,1782783,5198970,106.2075
23/11/2026,1774953,5193978,15.1848
23/11/2026,1030023,5185869,103.8469
23/11/2026,1184643,5192835,72.1442
23/11/2026,1433553,5193351,76.3993
23/11/2026,1774953,5191584,73.8785
23/11/2026,1683903,5187783,51.945
23/11/2026,1782093,5196648,82.6417
23/11/2026,1781853,5195712,51.675
13/3/2026,1128333,4296422,43.9801
13/3/2026,1549083,4296999,18.7678
13/3/2026,1262733,4294870,109.1379
13/3/2026,1149063,4296280,88.7443
13/3/2026,1333263,4296866,46.6643
13/3/2026,1262733,4294888,109.1379
13/3/2026,1465233,4295995,76.7831
13/3/2026,1262733,4294866,109.1379
24/11/2026,1785843,5208903,24.9167
24/11/2026,1783833,5202870,38.5258
24/11/2026,1784403,5204613,62.7363
24/11/2026,1786053,5209647,48.8042
24/11/2026,1784793,5205810,45.7703
24/11/2026,1035903,5208660,25.256
24/11/2026,1785453,5209725,104.0745
24/11/2026,1784763,5205654,39.1283
24/11/2026,1454223,5210817,59.9925
24/11/2026,1776153,5204145,66.1362
24/11/2026,1783353,5201376,28.2625
24/11/2026,1204983,5201379,68.618
24/11/2026,1786113,5209818,61.4496
24/11/2026,1783923,5203038,60.0739
14/3/2026,1541013,4298896,75.6174
14/3/2026,1405893,4298936,79.3971
14/3/2026,1549383,4298161,62.5874
14/3/2026,1040313,4298420,146.8428
25/11/2026,1763463,5223816,62.601
25/11/2026,1281993,5213544,89.9148
25/11/2026,353883,5222199,77.5936
25/11/2026,1689333,5216991,216.7591
25/11/2026,1588233,5227797,90.9347
25/11/2026,1786743,5212053,35.0833
25/11/2026,1709133,5223972,62.6479
25/11/2026,1744893,5215329,108.2121
25/11/2026,1426233,5224131,86.4855
25/11/2026,1754253,5227224,74.4833
25/11/2026,1789023,5220960,21.1792
25/11/2026,1787163,5213817,54.1583
25/11/2026,437733,5224059,63.3812
25/11/2026,1611603,5229813,67.3078
25/11/2026,491733,5225892,70.8078
25/11/2026,1645653,5213814,20.373
25/11/2026,1790433,5226663,31.8042
25/11/2026,1626093,5219820,112.1648
25/11/2026,1790463,5226744,36.9967
25/11/2026,1790013,5224884,67.05
25/11/2026,1663203,5230368,74.7357
25/11/2026,1286103,5213103,168.3931
25/11/2026,1760253,5227533,39.1283
25/11/2026,1450893,5224962,70.967
25/11/2026,71403,5221854,61.7025
25/11/2026,1788183,5217768,116.843
25/11/2026,1789353,5222397,20.4
25/11/2026,1669353,5225724,66.3935
25/11/2026,1789443,5223390,45.1988
15/3/2026,1162143,4302161,101.8241
15/3/2026,1550493,4302171,16.2752
15/3/2026,1379253,4302824,49.2092
15/3/2026,1433553,4300591,126.9436
15/3/2026,1352493,4301854,29.0053
15/3/2026,1550073,4300522,34.0852
26/11/2026,43533,5237946,224.8729
26/11/2026,1791423,5231307,79.6153
26/11/2026,1113423,5243883,222.9942
26/11/2026,1792893,5237379,24.0267
26/11/2026,1791873,5233623,60.7433
26/11/2026,1794423,5242998,31.8042
26/11/2026,1791423,5231085,113.3216
26/11/2026,1392573,5234943,147.9495
26/11/2026,1676133,5243382,91.5296
26/11/2026,1792773,5238243,93.2632
26/11/2026,1792233,5236260,43.9418
26/11/2026,1577733,5245290,22.834
26/11/2026,1793373,5239014,24.4055
26/11/2026,1794033,5243481,120.0176
26/11/2026,1782693,5236956,60.9883
16/3/2026,1252173,4304617,151.7708
16/3/2026,1184643,4303548,274.8701
16/3/2026,1551003,4303977,140.924
16/3/2026,474633,4305092,193.3475
16/3/2026,1010553,4302925,68.7602
27/11/2026,1529913,5248271,11.475
27/11/2026,1795353,5246823,66.8795
27/11/2026,426423,5248423,130.6977
27/11/2026,1796073,5249007,40.368
17/3/2026,1261383,4305218,113.182
17/3/2026,1299153,4307144,82.4527
17/3/2026,1528503,4305818,118.1572
17/3/2026,1551363,4305096,87.8668
17/3/2026,1442013,4305585,115.9404
28/11/2026,1470573,5253338,64.525
28/11/2026,1410633,5252802,79.7466
28/11/2026,1794393,5251764,68.0127
28/11/2026,1606233,5250727,67.2775
28/11/2026,898443,5252778,75
28/11/2026,1712253,5250247,110.3711
28/11/2026,147243,5251993,44.4298
28/11/2026,1796883,5252244,57.335
28/11/2026,1732233,5251936,68.6465
18/3/2026,1491153,4308516,59.9593
18/3/2026,414843,4309201,74.3279
18/3/2026,1535343,4308185,26.6502
18/3/2026,1552833,4310031,14.9391
18/3/2026,1552443,4308607,40.485
18/3/2026,1333263,4307759,67.6182
18/3/2026,1428003,4309647,56.2522
18/3/2026,848373,4307950,63.675
29/11/2026,1740843,5254095,90.0583
29/11/2026,1489683,5254115,66.7245
29/11/2026,1783563,5256388,59.4167
29/11/2026,1504203,5254394,33.0805
29/11/2026,1797933,5254391,139.9934
19/3/2026,91623,4313707,34.6275
19/3/2026,1553223,4311537,46.4682
19/3/2026,1323963,4311271,43.791
19/3/2026,384483,4313784,148.9581
30/11/2026,1417053,5258581,46.4282
30/11/2026,1798953,5257690,65.5416
30/11/2026,1144893,5259825,112.98
30/11/2026,1350603,5258824,38.7192
30/11/2026,430593,5259481,60.8182
30/11/2026,1799403,5259148,65.9927
30/11/2026,1799373,5259164,63.0417
30/11/2026,1491483,5258852,111.1332
30/11/2026,1350603,5258558,23.1249
20/3/2026,1478673,4316119,115.9856
20/3/2026,1328943,4314759,68.3124
20/3/2026,1554063,4314852,79.408
1/12/2026,471153,5263832,92.6666
1/12/2026,430593,5261905,59.9167
1/12/2026,491553,5262484,73.9491
1/12/2026,1168623,5263404,51.8025
1/12/2026,1676793,5260970,67.3494
1/12/2026,1795413,5260832,42.3583
1/12/2026,1801023,5264167,13.6193
1/12/2026,1800303,5261898,17.7468
1/12/2026,1040313,5262568,107.3149
1/12/2026,1800393,5262293,33.585
21/3/2026,1344573,4318780,105.2052
21/3/2026,1127043,4318234,107.4941
21/3/2026,1555263,4319094,2.3364
21/3/2026,1555323,4319295,38.6842
21/3/2026,1555053,4318379,16.3628
21/3/2026,1368693,4317517,43.577
21/3/2026,1406463,4317556,24.2843
2/12/2026,1173993,5264710,14.0833
2/12/2026,1427553,5267571,102.5037
2/12/2026,1801743,5266741,148.1283
2/12/2026,1350243,5269442,72.7664
2/12/2026,1747713,5268731,62.742
2/12/2026,1801923,5267320,50.25
2/12/2026,1802433,5269192,42.1631
2/12/2026,1738923,5266659,28.2736
2/12/2026,260553,5264518,62.4083
2/12/2026,44823,5268917,92.967
2/12/2026,1253943,5264858,69.6875
2/12/2026,1801473,5265848,54.9782
9/7/2025,1184643,3633316,167.4862
9/7/2025,436233,3632920,249.1666
9/7/2025,1374543,3634323,46.8626
9/7/2025,234783,3632264,78.5866
9/7/2025,1330143,3632904,56.194
9/7/2025,1367703,3633854,80.1009
9/7/2025,91623,3633188,38.5293
9/7/2025,1374483,3634201,31.9206
22/3/2026,1110273,4321767,79.7389
22/3/2026,223263,4320373,97.2467
22/3/2026,1474593,4321318,82.3853
22/3/2026,1198923,4320245,65.7877
3/12/2026,1473483,5271954,85.2223
3/12/2026,1714233,5272373,30.1478
3/12/2026,1803513,5272838,553.2385
3/12/2026,1802793,5270501,53.5033
3/12/2026,1225773,5273102,38.4359
3/12/2026,1803093,5271452,79.3334
3/12/2026,1528353,5269952,75.4792
3/12/2026,1802703,5270142,80.3209
3/12/2026,1513473,5272126,85.1315
10/7/2025,391113,3635831,78.0321
10/7/2025,186663,3635393,68.332
10/7/2025,146733,3636698,82.9991
10/7/2025,274113,3636278,31.5594
10/7/2025,1179843,3635956,23.5749
10/7/2025,186663,3635348,8.1675
10/7/2025,1375383,3637743,60.1414
10/7/2025,1247553,3637470,69.8691
10/7/2025,1366023,3636432,44.0771
10/7/2025,147933,3635201,59.0256
23/3/2026,1556583,4323959,13.2524
23/3/2026,1334643,4322443,87.1409
23/3/2026,1351803,4324379,64.6886
23/3/2026,1324833,4323567,33.1659
23/3/2026,1300023,4322964,62.2586
23/3/2026,1556523,4323782,34.6857
4/12/2026,1238583,5276769,25.0084
4/12/2026,1674183,5277659,47.1736
4/12/2026,1804623,5276478,18.6508
4/12/2026,1442343,5275404,91.125
4/12/2026,1194483,5277460,92.9828
4/12/2026,1804173,5274869,29.925
4/12/2026,1804653,5276592,27.989
4/12/2026,1804833,5277220,165.0833
4/12/2026,1804413,5275769,37.4167
4/12/2026,1690593,5274337,23.8479
11/7/2025,1375473,3638308,76.4623
11/7/2025,1223523,3640051,95.2059
11/7/2025,996933,3640214,37.4931
11/7/2025,1270233,3638724,32.25
24/3/2026,1557333,4326480,20.5411
24/3/2026,1237893,4325955,67.0365
24/3/2026,1236333,4324840,108.662
24/3/2026,1556793,4324884,55.9583
24/3/2026,1556613,4325668,5.3046
24/3/2026,1455873,4325919,101.6333
5/12/2026,1030563,5279834,235.5796
5/12/2026,1747353,5279673,26.0459
5/12/2026,1173993,5281000,85.7311
5/12/2026,1223523,5278694,77.1891
5/12/2026,1804743,5282035,14.9167
5/12/2026,1269453,5279771,67.0082
5/12/2026,1805643,5279954,11.925
12/7/2025,1375953,3640261,15.0504
12/7/2025,300033,3640444,59.5042
12/7/2025,1288023,3641993,64.0148
12/7/2025,1306983,3641867,121.1992
25/3/2026,481893,4327404,66.55
25/3/2026,1557393,4326673,37.3407
25/3/2026,1188903,4328598,59.7555
25/3/2026,1505163,4327689,59.8315
25/3/2026,1369833,4328209,69.9859
25/3/2026,1477113,4329643,33.3484
6/12/2026,1807383,5286027,61.95
6/12/2026,423153,5284364,174.9008
6/12/2026,1319343,5284697,51.9318
6/12/2026,1128333,5284337,64.5917
6/12/2026,1666593,5284087,110.3711
6/12/2026,1443723,5285446,57.6582
6/12/2026,1545003,5284254,43.9667
6/12/2026,1807023,5284301,33.1465
6/12/2026,1432323,5285912,23.9625
6/12/2026,1447083,5285071,46.383
6/12/2026,1803393,5284938,175.6667
6/12/2026,1504203,5282954,62.0758
6/12/2026,217743,5284326,116.811
13/7/2025,1274733,3644244,94.3734
13/7/2025,1038963,3643669,69.8433
13/7/2025,1376643,3643088,30.39
13/7/2025,1153263,3644153,111.107
13/7/2025,1220583,3644544,59.3983
13/7/2025,1224573,3643574,19.6512
26/3/2026,1224123,4330093,109.1422
26/3/2026,1304853,4330156,64.294
26/3/2026,1558293,4330036,42.2168
26/3/2026,184683,4331725,137.9704
26/3/2026,437733,4332405,73.5736
26/3/2026,231213,4332342,93.3235
26/3/2026,304143,4332326,48.1222
7/12/2026,1185813,5287448,85.4921
7/12/2026,1807773,5286786,7.545
7/12/2026,1423773,5287567,74.2775
7/12/2026,1310703,5286254,135.6521
7/12/2026,1030563,5286504,87.7017
7/12/2026,1807983,5287561,13.3875
7/12/2026,1801533,5288919,67.5636
7/12/2026,1628463,5287270,40.5864
7/12/2026,1807653,5286345,46.6667
7/12/2026,331473,5286920,40.0333
14/7/2025,1302573,3645384,97.5979
14/7/2025,1103823,3645444,46.3749
14/7/2025,1272693,3646575,149.204
27/3/2026,1273593,4334113,26.5908
27/3/2026,1559583,4335477,34.0112
27/3/2026,1468323,4335367,2.8611
27/3/2026,1559193,4334899,66.6574
27/3/2026,1534473,4334356,53.5616
27/3/2026,1558593,4334964,90.881
8/12/2026,1809723,5292878,60.6151
8/12/2026,1809633,5292611,47.6757
8/12/2026,367683,5292162,35.9364
8/12/2026,1809603,5292544,42.2874
8/12/2026,1304433,5292764,80.9583
8/12/2026,1435293,5290677,150.5994
8/12/2026,1332093,5292678,44.9862
8/12/2026,1134153,5291297,113.4975
8/12/2026,1324833,5290439,29.8493
8/12/2026,1808823,5290095,98.3195
15/7/2025,1349433,3647243,139.784
15/7/2025,120213,3647235,60.6439
15/7/2025,367683,3647588,63.3654
15/7/2025,1378023,3648393,7.3
15/7/2025,1251393,3648157,36.1809
15/7/2025,1218303,3647244,44.0896
15/7/2025,1368693,3647678,87.4932
28/3/2026,1074813,4337587,53.8164
28/3/2026,1318413,4337457,68.2611
28/3/2026,1560483,4338988,7.1087
28/3/2026,1560423,4338762,34.5309
28/3/2026,1519623,4338985,62.2473
28/3/2026,1491723,4338155,40.3465
28/3/2026,1173993,4339211,248.7255
28/3/2026,1559853,4336492,35.3466
9/12/2026,1722093,5293941,91.4721
9/12/2026,1809903,5293535,26.3267
9/12/2026,1656453,5296314,26.2084
9/12/2026,410973,5293831,64.6041
9/12/2026,1184643,5298435,171.1863
9/12/2026,1775463,5298249,10.8256
9/12/2026,1519503,5295810,51.5342
9/12/2026,1649583,5296934,39.5343
9/12/2026,77973,5293863,15.7332
9/12/2026,126573,5295821,75.0323
16/7/2025,1184643,3650877,85.1545
16/7/2025,1125063,3648780,118.668
16/7/2025,1378593,3650915,33.575
16/7/2025,425463,3649481,87.0212
16/7/2025,1223673,3650221,61.4657
29/3/2026,1560633,4339599,20.75
29/3/2026,1145583,4340842,84.9158
29/3/2026,1561083,4341485,31.0958
29/3/2026,1559463,4341246,12.3035
29/3/2026,1467843,4341404,41.1082
29/3/2026,1560603,4339465,8.8333
29/3/2026,1035903,4340374,154.4167
10/12/2026,278853,5301271,39.8625
10/12/2026,1811763,5300762,10.4266
10/12/2026,1110273,5302693,90.4813
10/12/2026,1725633,5300875,74.6417
10/12/2026,1811463,5299688,53.0823
10/12/2026,1296213,5299320,151.983
10/12/2026,1533513,5299513,73.6801
10/12/2026,1811703,5300720,47.4209
10/12/2026,1689333,5301078,27.6297
10/12/2026,1305483,5302515,113.5105
10/12/2026,1811643,5300337,38.4434
17/7/2025,1352673,3654039,15.3593
17/7/2025,1213623,3652046,64.7434
17/7/2025,395523,3653273,151.2596
17/7/2025,1379193,3654070,33.8334
17/7/2025,306753,3652566,118.7233
17/7/2025,1141683,3653956,71.4388
17/7/2025,1379133,3653717,56.3092
17/7/2025,1379253,3654426,33.3516
17/7/2025,1367313,3652567,16.5194
30/3/2026,1440333,4343891,65.5274
30/3/2026,1440333,4343672,68.1517
30/3/2026,1214823,4342698,100.4327
30/3/2026,1561593,4343636,39.3525
30/3/2026,1561293,4342398,51.1246
30/3/2026,1077273,4343257,83.2776
30/3/2026,1333263,4342584,55.6181
30/3/2026,1345623,4343412,69.75
11/12/2026,1812963,5304823,38.2875
11/12/2026,1812903,5304581,66.65
11/12/2026,301203,5306081,65.4958
11/12/2026,1812753,5304027,44.8334
11/12/2026,1246083,5307097,76.3352
11/12/2026,1033923,5306441,39.65
11/12/2026,1813263,5305681,21.7843
11/12/2026,91623,5303417,38.3174
18/7/2025,1375353,3655982,72.1264
18/7/2025,1063383,3654829,91.0875
18/7/2025,1204983,3655450,80.1642
18/7/2025,1092093,3654771,31.4114
18/7/2025,1379523,3655785,237.4163
18/7/2025,473733,3656408,24.9752
18/7/2025,1077273,3655599,53.6789
18/7/2025,1379313,3654890,135.2839
18/7/2025,1379343,3654995,2.85
31/3/2026,485253,4346572,118.1593
31/3/2026,1318413,4345792,66.9334
31/3/2026,63723,4346069,28.2127
31/3/2026,1562373,4346522,30.625
31/3/2026,1204983,4346748,65.0562
31/3/2026,1562283,4346392,4.9834
12/12/2026,1407333,5309318,73.0262
12/12/2026,1814823,5311109,164.25
12/12/2026,1814403,5309672,17.4677
12/12/2026,1814133,5308718,59.2263
12/12/2026,1814523,5310062,28.25
12/12/2026,257913,5309444,82.9269
12/12/2026,1814163,5308789,58.436
12/12/2026,1813983,5308186,333.325
12/12/2026,1286103,5307451,104.103
12/12/2026,1814613,5310344,6.095
12/12/2026,1011093,5310173,62.3309
12/12/2026,1028433,5310833,60.0375
12/12/2026,1019493,5309218,66.4361
12/12/2026,1519983,5308799,69.126
12/12/2026,1528623,5309718,77.955
19/7/2025,1292223,3657650,51.125
19/7/2025,306753,3657701,67.925
19/7/2025,169653,3658628,16.45
19/7/2025,948573,3656914,34.029
19/7/2025,1380003,3657941,74.8378
19/7/2025,217743,3658252,129.8456
1/4/2026,1332093,4347156,16.8402
1/4/2026,444303,4348056,37.6695
1/4/2026,1379103,4348934,44.8959
1/4/2026,1163223,4348797,74.1933
1/4/2026,1562793,4348077,89.9488
1/4/2026,1435293,4347650,86.3661
1/4/2026,1291233,4347844,125.9427
1/4/2026,1435293,4347415,12.4167
13/12/2026,1077423,5313270,181.8768
13/12/2026,1816023,5314896,13.3875
13/12/2026,1149063,5313773,87.2459
13/12/2026,1815153,5312164,34.6058
13/12/2026,1594203,5311724,101.5847
13/12/2026,1815753,5314058,20.25
13/12/2026,1547883,5314022,65.7
13/12/2026,1073343,5313006,59.25
20/7/2025,1321473,3659397,8.4456
20/7/2025,1357473,3659534,21.0709
20/7/2025,1380573,3660418,10.9952
20/7/2025,1340253,3660208,27.6175
2/4/2026,1245363,4352386,74.4149
2/4/2026,1563093,4352402,76.7213
2/4/2026,1563363,4350132,35.0225
2/4/2026,1296363,4350166,90.4597
2/4/2026,458763,4352077,59.6625
2/4/2026,1220073,4350779,75.106
2/4/2026,1555203,4351754,31.5833
14/12/2026,260553,5317526,43.1666
14/12/2026,1207683,5315992,78.3754
14/12/2026,1291233,5317858,100.2801
14/12/2026,1692153,5316414,25.0433
14/12/2026,1644393,5317726,22.9896
14/12/2026,1379103,5317676,116.4744
14/12/2026,1637013,5317360,45.8095
14/12/2026,1816713,5317230,85.4239
14/12/2026,1816443,5316239,35.0625
21/7/2025,1381053,3662428,12
3/4/2026,1327233,4356429,41.962
3/4/2026,1409553,4354113,71.2055
3/4/2026,1478463,4355257,56.9516
3/4/2026,1489683,4355396,112.3624
3/4/2026,1564863,4356398,54.602
3/4/2026,1564293,4354316,23.5547
15/12/2026,1163223,5320826,79.5214
15/12/2026,1141683,5318829,94.9198
15/12/2026,1818033,5321164,23.7084
15/12/2026,1462173,5320673,61.427
15/12/2026,1784793,5320084,24.4407
15/12/2026,181533,5321554,11.6967
15/12/2026,1817433,5319319,21.1868
15/12/2026,1467843,5320572,38.2368
22/7/2025,1381413,3663805,68.3242
22/7/2025,1381323,3663415,47.1
22/7/2025,1304853,3663561,51.9101
22/7/2025,1238253,3663886,14.79
22/7/2025,1381683,3664750,14.6454
4/4/2026,1524873,4358340,80.6593
4/4/2026,1351143,4359340,70.3403
4/4/2026,58503,4358751,68.7639
4/4/2026,1286103,4356837,173.6105
4/4/2026,1522173,4358734,35.4353
4/4/2026,1565823,4360002,16.9014
4/4/2026,1556343,4358435,19.1167
4/4/2026,1138083,4357684,165.2475
4/4/2026,1547883,4359529,68.5382
4/4/2026,1292223,4358134,103.929
4/4/2026,1223523,4358008,120.0475
16/12/2026,1819443,5326039,24.8967
16/12/2026,1605693,5327010,26.9583
16/12/2026,1252173,5323321,50.5791
16/12/2026,1687653,5326868,76.0934
16/12/2026,1810803,5325794,76.1149
16/12/2026,996933,5326841,135.8386
16/12/2026,1805133,5324493,92.0961
16/12/2026,1791423,5324764,172.1396
16/12/2026,1607613,5326038,96.5768
16/12/2026,1818693,5323368,71.9913
16/12/2026,1465233,5326090,90.6787
16/12/2026,1818303,5322003,75.7792
16/12/2026,1406043,5322353,67.4758
23/7/2025,1151883,3665024,148.0391
23/7/2025,1382133,3666453,7.3378
23/7/2025,1302723,3666812,113.7064
23/7/2025,1223523,3665426,61.2121
5/4/2026,1267803,4362718,79.344
5/4/2026,278733,4362941,66.3841
5/4/2026,1307673,4360540,40.3304
5/4/2026,1046973,4361837,18.152
17/12/2026,1819743,5327166,42.9895
17/12/2026,1623573,5328975,27.7248
17/12/2026,1803513,5329549,4.7299
17/12/2026,1648683,5329872,135.264
17/12/2026,1444053,5327220,65.8334
24/7/2025,1291233,3667684,65.3948
24/7/2025,1382673,3668775,74.5632
24/7/2025,1279323,3667468,38.5501
24/7/2025,1382613,3668597,17.8294
24/7/2025,391113,3667610,74.3396
6/4/2026,1287393,4363918,85.9618
6/4/2026,1567053,4364816,46.5122
6/4/2026,1128333,4364276,62.9544
6/4/2026,266283,4363886,79.3697
6/4/2026,1141683,4364366,72.5961
6/4/2026,1566813,4363891,15.2459
18/12/2026,1821753,5334327,50.9292
18/12/2026,1821573,5333816,30.625
18/12/2026,1616763,5333734,25.2021
25/7/2025,186663,3670383,100.6553
25/7/2025,1206753,3670750,46.5817
25/7/2025,1318413,3670929,12.4279
7/4/2026,358443,4367939,134.6606
7/4/2026,1567863,4367663,29.75
7/4/2026,1567323,4365794,80.5925
7/4/2026,1410633,4366147,62.0425
7/4/2026,366003,4366759,93.1334
19/12/2026,1822683,5337409,7.5
19/12/2026,188823,5335148,77.1124
19/12/2026,1822203,5335932,10.2125
19/12/2026,184683,5336780,83.3956
19/12/2026,1261383,5337555,213.2934
19/12/2026,1822443,5336675,28.25
26/7/2025,1383813,3673325,9.5576
26/7/2025,1384113,3674426,97.69
26/7/2025,1039983,3674362,75.2737
26/7/2025,1207683,3672640,71.9059
8/4/2026,367683,4368983,73.2822
8/4/2026,1533513,4368784,71.6949
8/4/2026,1220583,4371519,83.0467
8/4/2026,1535343,4371501,16.5
8/4/2026,1568163,4368906,13.5363
8/4/2026,247473,4369358,98.1599
20/12/2026,1592163,5338231,91.8747
20/12/2026,1754043,5338541,168.247
20/12/2026,1286103,5340356,168.6392
20/12/2026,1812753,5339715,14.7652
20/12/2026,1823163,5339049,41.1957
20/12/2026,1823523,5340328,81.3804
20/12/2026,1318413,5338459,156.7928
20/12/2026,1580073,5339645,46.7296
20/12/2026,1823103,5338874,36.5723
20/12/2026,1823553,5340417,24.9917
27/7/2025,1384593,3676261,36.628
27/7/2025,1149063,3675217,59.4587
27/7/2025,1177893,3675035,99.181
27/7/2025,1234923,3675389,6.996
9/4/2026,1569543,4374536,79.0833
9/4/2026,228423,4375659,115.8773
9/4/2026,1426383,4375033,120.8492
9/4/2026,465123,4372939,70.29
9/4/2026,1569243,4373358,23.2783
9/4/2026,221733,4373022,361.753
9/4/2026,884403,4372270,53.0875
9/4/2026,62733,4375396,32.633
21/12/2026,1823643,5340966,51.7479
21/12/2026,1588233,5341098,113.9003
21/12/2026,1284063,5341560,65.1532
21/12/2026,1252983,5341775,20.9261
21/12/2026,1823853,5341527,57.5
21/12/2026,1823973,5341922,21.9375
28/7/2025,1319373,3677188,99.5508
28/7/2025,1113423,3677535,65.0672
28/7/2025,1328943,3677951,73.8354
28/7/2025,1188063,3677910,20.2929
10/4/2026,1546173,4378097,59.3836
10/4/2026,1570083,4376666,12.837
10/4/2026,1570653,4378550,79.3215
10/4/2026,1194483,4376329,120.0365
10/4/2026,1455903,4376052,88.0444
10/4/2026,1477113,4378102,55.7867
10/4/2026,1570053,4376585,24.607
22/12/2026,1173993,5342434,93.431
22/12/2026,1423773,5342590,46.5833
22/12/2026,1824453,5343414,53.1503
22/12/2026,1824123,5342436,35.8335
22/12/2026,1292853,5342616,19.1666
29/7/2025,260853,3680307,8.25
29/7/2025,1255293,3679871,22.3365
29/7/2025,1341213,3679423,65.8333
29/7/2025,1385613,3680225,71.8277
29/7/2025,1174923,3679440,2.9858
29/7/2025,1385673,3680431,219.9167
11/4/2026,1570893,4379464,23.7762
11/4/2026,474633,4380194,167.0684
11/4/2026,1501053,4379377,107.076
11/4/2026,1332093,4381140,28.067
11/4/2026,1571433,4381229,56.3564
11/4/2026,1475553,4380953,53.2294
11/4/2026,1428003,4379694,66.2346
23/12/2026,1011093,5343647,50.9901
23/12/2026,1824753,5344370,92.6548
23/12/2026,1599783,5344740,30.1679
23/12/2026,235353,5344097,31.8083
23/12/2026,1824693,5344276,56.5833
23/12/2026,1011093,5344322,97.5227
23/12/2026,1374483,5343845,50.8935
23/12/2026,1824783,5344474,20
23/12/2026,1236333,5345182,81.3487
30/7/2025,1386303,3682911,43.4227
30/7/2025,1385223,3682426,149.1667
30/7/2025,1386093,3682096,14.3952
30/7/2025,1351803,3681969,119.2696
30/7/2025,260853,3682162,70.6354
30/7/2025,1242753,3683078,67.4808
30/7/2025,1237893,3681275,68.2806
12/4/2026,1571643,4381878,69.0359
12/4/2026,1572153,4383544,55.9242
12/4/2026,414963,4383830,60.053
12/4/2026,1571703,4382065,18.384
12/4/2026,1528353,4381695,161.3216
12/4/2026,1572213,4383711,69.9813
12/4/2026,142833,4383641,111.0767
24/12/2026,1825083,5345586,12.6064
24/12/2026,1824723,5345425,9.5792
24/12/2026,1825143,5345787,60.117
24/12/2026,1567053,5346150,76.2192
31/7/2025,1387023,3685945,9.8334
31/7/2025,1386543,3683931,19.7142
31/7/2025,1155453,3684888,37.45
31/7/2025,391113,3683740,47.9068
13/4/2026,1572843,4385866,35.2787
13/4/2026,1544463,4385448,32.6332
13/4/2026,235353,4384832,19.1334
25/12/2026,1817073,5347333,43.4387
25/12/2026,1407333,5346784,69.9774
1/8/2025,1270233,3687249,36.0542
1/8/2025,1387113,3686414,56.7544
1/8/2025,1384563,3687655,48.5167
1/8/2025,1209063,3687124,106.5099
1/8/2025,391113,3687115,55.106
1/8/2025,1378683,3686741,95.1886
14/4/2026,1573173,4386958,46.9506
14/4/2026,1573503,4388113,66.3411
14/4/2026,1372173,4388020,105.3904
14/4/2026,334263,4388240,106.5151
14/4/2026,1573383,4387705,41.1667
14/4/2026,1437663,4387216,80.6271
26/12/2026,1690593,5348109,67.8921
26/12/2026,423153,5348555,120.5055
26/12/2026,361563,5348381,22.9668
26/12/2026,1428633,5349351,175.8772
26/12/2026,1712253,5347558,110.3711
26/12/2026,217743,5347821,95.1965
2/8/2025,1388133,3690735,20.9908
2/8/2025,1341843,3689914,81.0107
2/8/2025,1387623,3688596,84.7856
2/8/2025,1387833,3689516,67.1458
2/8/2025,1326993,3690157,86.5277
2/8/2025,1387683,3688859,48.7757
15/4/2026,1061973,4390891,70.9749
15/4/2026,1307373,4389214,90.5567
15/4/2026,1495473,4389234,69.2531
15/4/2026,1156593,4388446,65.7886
15/4/2026,1344573,4389928,71.8181
15/4/2026,1224573,4390388,26.1137
15/4/2026,1435293,4389876,109.5735
15/4/2026,1125543,4388401,27.3938
27/12/2026,1819503,5349753,71.55
3/8/2025,1245363,3692550,104.8018
3/8/2025,1050153,3692427,67.1528
3/8/2025,1388343,3691708,53.8136
3/8/2025,1387443,3691284,69.8584
16/4/2026,1185843,4394091,65.3708
16/4/2026,1574913,4393306,21.805
28/12/2026,1827213,5352962,51.6952
28/12/2026,1747713,5353033,84.071
28/12/2026,1578423,5352296,98.8383
4/8/2025,1313943,3693728,60.6249
4/8/2025,1364913,3694650,119.3609
4/8/2025,1082913,3694539,131.7773
4/8/2025,1184643,3693594,94.1874
4/8/2025,1389093,3694721,15.3297
17/4/2026,1473483,4396825,115.6538
17/4/2026,1434813,4395399,279.5636
29/12/2026,1827603,5354205,21.9674
29/12/2026,1261383,5354610,77.5108
29/12/2026,1157373,5353944,64.2654
29/12/2026,1827873,5355283,142.4282
29/12/2026,358443,5356114,97.3416
29/12/2026,1048593,5354613,137.782
5/8/2025,1276743,3695037,29.9833
5/8/2025,1389153,3694990,23.4965
18/4/2026,1252173,4398788,111.9324
18/4/2026,392763,4398774,71.4982
18/4/2026,1575603,4397892,77.4874
18/4/2026,309093,4397807,85.7605
18/4/2026,1576473,4399099,25.6667
30/12/2026,426423,5357494,109.0661
30/12/2026,1352493,5357358,48.0082
30/12/2026,1670943,5356465,45.3958
30/12/2026,1416123,5357515,47.3463
30/12/2026,1749693,5357544,82.86
30/12/2026,1450503,5357740,11.85
30/12/2026,1409553,5358170,75.5148
30/12/2026,1270953,5356587,19.5356
6/8/2025,286983,3697887,29.15
6/8/2025,1089273,3697489,74.5241
6/8/2025,1236333,3697626,137.0153
19/4/2026,1433553,4399515,132.1874
19/4/2026,1416123,4401361,71.0455
19/4/2026,1162143,4400631,89.3693
19/4/2026,1576353,4401322,23.4124
19/4/2026,1218303,4399632,57.7199
19/4/2026,1163223,4401275,16.2166
19/4/2026,234783,4400120,167.054
31/12/2026,1829373,5361044,79.6258
31/12/2026,1611873,5360838,134.5332
31/12/2026,1829223,5360387,60.33
31/12/2026,1427553,5360722,186.8008
31/12/2026,1427553,5360760,76.8037
7/8/2025,391113,3699234,44.8043
7/8/2025,1390533,3700642,36.4089
7/8/2025,1246893,3699747,204.7083
20/4/2026,217743,4402832,164.0812
20/4/2026,1577253,4401792,38.623
8/8/2025,1391163,3703403,80.925
8/8/2025,1273263,3702779,40.9093
8/8/2025,1128333,3703012,58.3079
8/8/2025,1334643,3701575,119.3972
8/8/2025,1292943,3701869,203.7844
8/8/2025,1390683,3703250,246.6902
8/8/2025,366003,3701984,126.8977
21/4/2026,1348683,4404799,99.545
21/4/2026,1491273,4404521,73.0483
21/4/2026,481893,4403556,92.3314
9/8/2025,1246893,3704359,91.375
9/8/2025,1391493,3704705,75.2916
22/4/2026,1184643,4407730,119.1747
22/4/2026,1578753,4407176,489.887
22/4/2026,1407333,4405338,216.9647
22/4/2026,1578423,4405954,122.7138
10/8/2025,1338723,3706108,66.2445
10/8/2025,1391883,3706454,38.25
10/8/2025,1391433,3706463,5.9925
10/8/2025,1392033,3707141,51
10/8/2025,1291233,3707157,103.3921
23/4/2026,1566813,4408380,29.7501
23/4/2026,1405893,4408252,74.9138
23/4/2026,1579563,4410313,18.6954
23/4/2026,143763,4408326,46.919
23/4/2026,345093,4410291,59.0833
23/4/2026,1543923,4409699,64.702
11/8/2025,1336473,3709590,180.5405
11/8/2025,1198923,3708510,128.8588
11/8/2025,1392573,3709442,84.8815
24/4/2026,1455873,4413244,101.3566
24/4/2026,1580253,4413111,24.91
24/4/2026,1549233,4413750,16.1544
24/4/2026,1535193,4411453,34.0984
24/4/2026,1579953,4411954,93.54
24/4/2026,1580073,4412472,51.014
24/4/2026,1580223,4413021,7.7631
12/8/2025,1194483,3710231,177.1541
12/8/2025,1190553,3710967,32.4167
12/8/2025,884403,3710499,71.38
25/4/2026,1274823,4414107,64.226
25/4/2026,1533183,4414219,79.2395
25/4/2026,1216983,4415874,37.52
25/4/2026,1207683,4413944,85.6021
25/4/2026,1030023,4413867,88.1033
13/8/2025,1387113,3711545,183.1165
13/8/2025,1269453,3711750,68.4448
13/8/2025,1271673,3713034,39.9084
13/8/2025,1185843,3712829,76.0367
26/4/2026,1441233,4417550,9.3758
26/4/2026,248073,4418841,76.8559
26/4/2026,1478823,4418726,69.275
14/8/2025,1393743,3713976,37.8389
14/8/2025,1393683,3713673,51.6361
14/8/2025,234783,3714649,86.9888
14/8/2025,1393623,3713402,105.8553
14/8/2025,1046973,3714106,46.5782
27/4/2026,1341843,4419784,217.789
27/4/2026,1581843,4419715,14
27/4/2026,1515603,4419548,81.5606
27/4/2026,1077423,4419401,204.2578
27/4/2026,1582023,4420445,16.7169
15/8/2025,391113,3715795,45.6029
15/8/2025,231213,3716387,149.2514
15/8/2025,1106103,3717276,79.5325
15/8/2025,367683,3716029,43.9887
15/8/2025,1394373,3716656,149.1667
15/8/2025,289563,3716269,33.9083
28/4/2026,426423,4422046,86.1796
28/4/2026,146283,4422586,90.041
16/8/2025,1369953,3718596,104.7595
16/8/2025,1394643,3717820,23.0076
16/8/2025,1239183,3718777,62.6667
16/8/2025,1387113,3719518,8.25
29/4/2026,948573,4426744,47.6209
29/4/2026,1435473,4423718,81.5255
29/4/2026,392763,4424641,82.1181
29/4/2026,1527813,4425499,68.9809
29/4/2026,1582983,4424045,16.1044
29/4/2026,1051953,4426406,62.678
29/4/2026,1165353,4425395,121.7364
17/8/2025,1395243,3720235,98.8721
17/8/2025,290643,3721032,111.2741
30/4/2026,1474593,4427322,38.7342
30/4/2026,1144893,4430232,71.9532
30/4/2026,1188093,4430040,28.6282
30/4/2026,1583163,4427359,23.722
30/4/2026,1584333,4429938,87.2667
30/4/2026,1561593,4428591,121.759
30/4/2026,1261383,4427450,92.4656
30/4/2026,1584213,4429843,71.8705
30/4/2026,1350603,4428677,27.5996
30/4/2026,1145583,4428317,43.824
30/4/2026,1089273,4427638,40.825
30/4/2026,1584123,4429109,44.9834
18/8/2025,1395993,3723217,67.4159
18/8/2025,1395873,3722731,25.2649
18/8/2025,1286103,3724269,285.4597
18/8/2025,1238253,3722973,9.3756
1/5/2026,1491033,4430872,48.994
1/5/2026,1179483,4432772,140.1079
1/5/2026,428643,4430682,13.948
1/5/2026,1110273,4430584,73.5948
19/8/2025,1396713,3725669,28.35
19/8/2025,1396503,3725023,58.6656
19/8/2025,1396473,3724905,95.625
19/8/2025,1396413,3724689,36.5833
19/8/2025,1274853,3725351,53.9813
2/5/2026,1585893,4436274,58.6583
2/5/2026,1585413,4435776,22.4917
2/5/2026,1011633,4433747,275.7227
20/8/2025,1084803,3726921,69.5662
3/5/2026,1381413,4437489,104.7655
3/5/2026,1428633,4437684,148.6133
3/5/2026,1383813,4437035,13.3806
3/5/2026,1195233,4438045,46.6633
3/5/2026,1457763,4438615,80.6593
3/5/2026,1122033,4438820,71.1902
21/8/2025,1397703,3729621,45.3176
21/8/2025,267663,3730198,27.4759
21/8/2025,1102863,3728985,75.9848
21/8/2025,1274823,3731184,97.0377
21/8/2025,395523,3729815,72.1046
21/8/2025,1397853,3730236,43.225
4/5/2026,91623,4439028,23.2264
4/5/2026,1334643,4440121,87.1409
4/5/2026,1234173,4439974,68.75
4/5/2026,1587033,4440636,7.4904
4/5/2026,1477113,4439574,95.0734
4/5/2026,490203,4440606,96.1437
22/8/2025,1151013,3733160,103.8737
22/8/2025,186663,3732597,80.2267
22/8/2025,1061973,3732571,36.4579
22/8/2025,1398123,3731404,14.1472
22/8/2025,1398303,3732101,88.72
22/8/2025,1222383,3731323,8.2425
22/8/2025,1398153,3731504,12.2544
22/8/2025,184683,3733100,63.4228
22/8/2025,1101993,3732438,31.5833
5/5/2026,1040313,4441766,223.2779
5/5/2026,1128333,4441213,46.1999
23/8/2025,1348683,3735654,50.6407
23/8/2025,1350873,3734056,99.9381
23/8/2025,1339623,3735181,51.057
23/8/2025,1398273,3735562,68.4779
6/5/2026,1587693,4443097,73.699
6/5/2026,1209573,4442991,50.256
24/8/2025,1261383,3737613,128.161
24/8/2025,1333263,3737483,133.4088
24/8/2025,1370283,3737687,85.4441
24/8/2025,486093,3737015,56.7423
24/8/2025,1399533,3737101,41.6389
24/8/2025,1393623,3736520,146.2901
7/5/2026,473733,4445455,33
7/5/2026,1451553,4446799,106.0655
7/5/2026,1556523,4447035,44.4172
7/5/2026,1350873,4446255,57.8054
7/5/2026,1588233,4445297,184.6788
7/5/2026,1096713,4445824,74.761
7/5/2026,1474893,4447597,68.4
7/5/2026,423153,4445978,84.4195
25/8/2025,1184643,3739537,92.9178
25/8/2025,1080153,3738832,123.2987
25/8/2025,63963,3738665,39.423
25/8/2025,1220073,3739520,88.234
25/8/2025,1259703,3739891,72.682
8/5/2026,1491033,4450594,37.2798
8/5/2026,1236333,4449882,128.1963
8/5/2026,1528623,4449483,311.3952
8/5/2026,1409553,4449755,43.1269
8/5/2026,1433613,4449853,69.5365
8/5/2026,1546173,4449917,72.6888
8/5/2026,1589253,4449851,45.263
8/5/2026,1510953,4448316,55.8213
8/5/2026,1019493,4448241,88.273
8/5/2026,1589163,4449536,65.3813
8/5/2026,1239183,4449423,81.1458
8/5/2026,1589013,4448751,23.7948
26/8/2025,1165353,3741416,65.9281
9/5/2026,848373,4453208,74.0666
9/5/2026,146733,4452959,78.2227
27/8/2025,1212753,3742656,39.9258
27/8/2025,1401573,3745002,103.454
27/8/2025,1401483,3744570,40.7772
27/8/2025,1156233,3742495,50.6163
27/8/2025,1110273,3744803,112.1439
27/8/2025,358443,3744678,63.5459
27/8/2025,1128693,3744633,43.8565
27/8/2025,1273263,3743425,14.7822
27/8/2025,1307673,3744622,41.67
10/5/2026,1328943,4454831,66.7343
10/5/2026,367683,4454697,75.7323
10/5/2026,1590693,4455772,78.7934
28/8/2025,186663,3746518,171.0676
28/8/2025,1341843,3745480,175.5266
28/8/2025,235143,3747755,38.4737
28/8/2025,1318413,3748102,66.9055
28/8/2025,1401903,3746606,35.7583
28/8/2025,415473,3748302,81.2581
11/5/2026,1344573,4457951,76.4555
11/5/2026,1544253,4458788,55.2492
29/8/2025,1402323,3748434,16.9104
29/8/2025,1223523,3749878,129.3408
29/8/2025,217743,3749354,71.7836
29/8/2025,312783,3750813,47.4472
12/5/2026,1334313,4461012,36.671
12/5/2026,1578753,4460636,285.3634
12/5/2026,1168623,4460170,66.3667
13/9/2025,215313,3791115,70.2867
13/9/2025,215313,3791059,8.25
8/6/2026,215313,4528625,94.4457
17/10/2025,215313,3872251,111.8101
25/7/2026,215313,4634589,83.15
23/11/2025,215313,3969252,66.1693
26/11/2025,215313,3980299,71.5217
20/12/2025,215313,4060158,110.7581
18/1/2026,215313,4141462,107.8506
5/10/2026,215313,4819579,14.0833
5/10/2026,215313,4819621,87.2058
12/2/2026,215313,4212193,75.3639
1/3/2026,215313,4258496,105.644
16/7/2025,215313,3649497,129.9185
11/4/2026,215313,4379518,70.7641
8/8/2025,215313,3702840,123.9767
3/5/2026,215313,4437650,73.4557
9/5/2026,215313,4452701,70.3701
3/9/2025,61983,3761879,73.6699
31/5/2026,61983,4508811,73.3579
26/9/2025,61983,3819265,89.7862
1/7/2026,61983,4580801,88.6087
19/10/2025,61983,3878560,97.1699
8/7/2026,61983,4598908,87.9301
11/11/2025,61983,3934374,68.6394
5/8/2026,61983,4663389,65.7317
4/12/2025,61983,4008664,72.8647
18/12/2025,61983,4056543,84.3206
24/9/2026,61983,4788319,90.3106
27/1/2026,61983,4167535,71.507
28/10/2026,61983,4912153,88.2979
27/2/2026,61983,4253258,75.7196
7/12/2026,61983,5286956,92.0938
27/3/2026,61983,4333506,68.6782
25/7/2025,61983,3672487,83.3479
23/4/2026,61983,4408621,69.5745
31/8/2025,420663,3754215,82.4989
26/9/2025,420663,3820330,113.7578
26/9/2025,420663,3820289,8.25
18/6/2026,420663,4547203,72.3205
5/7/2026,420663,4592512,80.4085
31/10/2025,420663,3906399,167.7271
5/8/2026,420663,4661259,72.8951
4/12/2025,420663,4007467,181.3616
21/12/2025,420663,4062317,46.4172
30/12/2025,420663,4080003,69.6383
20/1/2026,420663,4146081,66.4686
20/1/2026,420663,4146149,43.3798
7/2/2026,420663,4198283,75.0905
25/10/2026,420663,4891170,56.972
22/2/2026,420663,4236657,100.1934
14/3/2026,420663,4299904,92.5794
3/4/2026,420663,4356049,154.5214
27/7/2025,420663,3676825,198.7429
12/5/2026,420663,4459813,196.9888
6/9/2025,1175373,3772241,115.4754
20/9/2025,1175373,3805520,147.5524
9/10/2025,1175373,3854198,151.5126
17/10/2025,1175373,3872862,111.1253
20/10/2025,1175373,3879224,109.4778
24/10/2025,1175373,3887992,80.17
27/10/2025,1175373,3895976,83.2351
7/11/2025,1175373,3924803,119.2607
14/11/2025,1175373,3944236,100.7936
16/11/2025,1175373,3950017,82.727
27/11/2025,1175373,3985402,173.7796
6/12/2025,1175373,4016138,99.4999
8/12/2025,1175373,4021571,71.486
14/12/2025,1175373,4040917,167.8524
18/12/2025,1175373,4054631,87.1691
7/1/2026,1175373,4103014,96.2588
17/1/2026,1175373,4138052,80.1515
23/7/2025,1175373,3665430,173.4466
26/7/2025,1175373,3673217,143.6833
2/8/2025,1175373,3689369,83.861
7/9/2025,417363,3774745,70.7465
21/5/2026,417363,4484403,69.1297
27/5/2026,417363,4497369,71.296
16/9/2025,417363,3796257,72.5173
28/9/2025,417363,3824969,57.0291
30/9/2025,417363,3828355,71.2308
18/6/2026,417363,4547619,94.4086
20/6/2026,417363,4552203,63.8644
8/10/2025,417363,3851144,73.9999
20/10/2025,417363,3879235,69.94
28/10/2025,417363,3898680,73.126
11/7/2026,417363,4604703,67.581
21/7/2026,417363,4624210,65.3117
24/7/2026,417363,4632685,71.9111
12/11/2025,417363,3936874,68.8265
13/11/2025,417363,3939910,50.8136
19/11/2025,417363,3956029,71.3318
8/8/2026,417363,4670665,67.6105
17/12/2025,417363,4051694,72.9901
6/9/2026,417363,4738832,70.7566
10/9/2026,417363,4748500,70.4609
5/1/2026,417363,4097192,73.0399
18/1/2026,417363,4140565,121.276
9/10/2026,417363,4831213,65.938
6/2/2026,417363,4196582,67.7359
21/10/2026,417363,4864437,69.332
3/11/2026,417363,4972833,65.7184
5/11/2026,417363,5006517,64.2804
23/2/2026,417363,4240277,66.9947
24/2/2026,417363,4243265,74.9134
7/11/2026,417363,5024655,73.1394
15/11/2026,417363,5104788,69.3839
21/11/2026,417363,5170956,70.2244
22/11/2026,417363,5180319,67.8438
15/3/2026,417363,4301393,103.89
19/3/2026,417363,4313694,76.5333
7/12/2026,417363,5288973,71.8682
8/12/2026,417363,5291885,67.8769
9/12/2026,417363,5294840,67.2851
30/3/2026,417363,4342660,75.868
21/7/2025,417363,3661709,69.2728
16/12/2026,417363,5324312,65.6477
11/4/2026,417363,4379532,72.4387
21/4/2026,417363,4404400,63.6502
21/4/2026,417363,4404707,67.6329
12/8/2025,417363,3710906,73.7431
27/4/2026,417363,4419805,72.9524
17/8/2025,417363,3720817,68.3326
22/8/2025,417363,3731471,71.2641
24/8/2025,417363,3736468,70.1423
26/8/2025,417363,3741089,236.6944
10/5/2026,417363,4455910,79.5906
10/5/2026,417363,4456550,74.6467
3/9/2025,1186413,3762313,91.2767
22/5/2026,1186413,4486739,82.5162
24/9/2025,1186413,3814672,68.9217
10/10/2025,1186413,3856838,216.6261
2/11/2025,1186413,3911326,106.8102
12/11/2025,1186413,3937283,87.6198
28/11/2025,1186413,3988853,82.5588
13/12/2025,1186413,4040350,103.8015
14/12/2025,1186413,4042556,75.8301
12/1/2026,1186413,4120155,67.9087
16/10/2026,1186413,4852458,159.8816
6/2/2026,1186413,4197675,99.0256
19/2/2026,1186413,4229473,81.8066
7/11/2026,1186413,5023650,98.3179
26/11/2026,1186413,5238183,124.94
16/3/2026,1186413,4303321,111.7981
26/3/2026,1186413,4332007,78.7249
29/4/2026,1186413,4423373,66.9784
29/4/2026,1186413,4423972,76.4621
22/8/2025,1186413,3731728,92.5286
25/5/2026,422523,4492918,87.1445
12/6/2026,422523,4537311,75.1868
19/6/2026,422523,4550697,98.1221
25/6/2026,422523,4562518,93.289
10/7/2026,422523,4603651,95.6868
30/7/2026,422523,4647629,120.5072
12/8/2026,422523,4679246,72.6238
14/9/2026,422523,4760895,180.6167
27/9/2026,422523,4795300,114.8241
22/10/2026,422523,4869610,74.1725
18/2/2026,422523,4225848,66.8938
5/3/2026,422523,4271257,71.4564
11/3/2026,422523,4288231,78.901
15/3/2026,422523,4301065,80.4897
4/12/2026,422523,5277691,133.705
24/3/2026,422523,4326041,68.5836
28/3/2026,422523,4337072,88.778
28/3/2026,422523,4337175,75.4316
10/4/2026,422523,4376418,12.4167
10/4/2026,422523,4376557,72.6839
20/4/2026,422523,4402867,74.1203
2/5/2026,422523,4434950,78.588
9/5/2026,422523,4451577,138.5412
31/8/2025,1230213,3755840,104.4945
19/6/2026,1230213,4550465,117.9755
8/10/2025,1230213,3852461,92.4136
29/10/2025,1230213,3899779,87.2911
15/11/2025,1230213,3947992,110.7986
6/8/2026,1230213,4665690,130.2016
9/12/2025,1230213,4023589,67.2038
9/12/2025,1230213,4023640,83.111
19/9/2026,1230213,4773995,136.0414
8/1/2026,1230213,4104689,78.6478
27/1/2026,1230213,4167462,118.2752
12/2/2026,1230213,4211667,87.6329
19/11/2026,1230213,5137482,115.06
9/3/2026,1230213,4284442,118.2857
25/3/2026,1230213,4328235,81.6629
20/7/2025,1230213,3660377,109.0637
30/12/2026,1230213,5357056,94.6826
13/8/2025,1230213,3711626,106.0612
8/5/2026,1230213,4449646,123.0343
2/9/2025,428433,3759341,66
11/9/2025,428433,3784086,88.7141
11/9/2025,428433,3784100,66
10/10/2025,428433,3856829,77.3304
10/10/2025,428433,3856822,79.1364
10/10/2025,428433,3856803,96.2868
13/7/2026,428433,4609251,115.231
4/8/2026,428433,4660088,66.8125
5/8/2026,428433,4663248,73.9321
7/12/2025,428433,4019158,68.0417
3/9/2026,428433,4731528,85.6193
24/9/2026,428433,4787281,76.2913
23/1/2026,428433,4156798,80.3331
20/2/2026,428433,4232294,73.8692
12/11/2026,428433,5078517,104.2734
12/11/2026,428433,5074194,185.7621
30/7/2025,428433,3682228,90.3296
29/4/2026,428433,4425110,172.0226
29/4/2026,428433,4426558,193.9461
30/4/2026,428433,4429805,166.3069
18/8/2025,428433,3723735,141.4602
17/5/2026,1185753,4476031,222.0253
8/9/2025,1185753,3777238,8.25
8/9/2025,1185753,3777246,195.066
19/9/2025,1185753,3803070,122.8284
16/6/2026,1185753,4544688,169.1095
10/10/2025,1185753,3856334,186.8847
7/7/2026,1185753,4595997,232.184
30/10/2025,1185753,3902076,117.6805
26/12/2025,1185753,4069658,264.0438
9/1/2026,1185753,4107516,104.1443
23/1/2026,1185753,4156921,143.365
7/10/2026,1185753,4825520,148.8087
14/11/2026,1185753,5091774,162.2067
8/3/2026,1185753,4279638,118.6708
10/7/2025,1185753,3637196,182.8978
1/4/2026,1185753,4348135,187.4077
27/7/2025,1185753,3676731,97.7933
11/8/2025,1185753,3709723,146.2105
14/5/2026,218073,4468075,78.0964
14/5/2026,218073,4468179,70.9694
22/5/2026,218073,4487770,82.5858
10/10/2025,218073,3857257,86.6959
21/10/2025,218073,3881094,91.3967
6/7/2026,218073,4593831,105.9413
18/7/2026,218073,4617527,82.8948
10/11/2025,218073,3932494,16.5833
10/11/2025,218073,3932518,110.0721
21/11/2025,218073,3965042,115.8741
23/11/2025,218073,3971645,69.0042
8/9/2026,218073,4745475,64.7329
8/9/2026,218073,4745439,73.0232
30/12/2025,218073,4078809,73.7237
30/12/2025,218073,4078903,124.9174
3/2/2026,218073,4186937,91.5496
2/11/2026,218073,4965157,100.1852
18/3/2026,218073,4308302,82.7644
10/7/2025,218073,3635755,79.8585
8/4/2026,218073,4370916,86.3926